cityName,bedrooms,month,Final_Price_Index,Final_Quantity_Index
Ahmedabad,1-BHK,2017-01-01,100.0,100.0
Ahmedabad,1-BHK,2017-02-01,100.13,122.5882096
Ahmedabad,1-BHK,2017-03-01,100.5,137.203547
Ahmedabad,1-BHK,2017-04-01,99.64,172.5720434
Ahmedabad,1-BHK,2017-05-01,99.15,136.7450527
Ahmedabad,1-BHK,2017-06-01,99.06,138.7040873
Ahmedabad,1-BHK,2017-07-01,100.57,186.3922736
Ahmedabad,1-BHK,2017-08-01,100.14,101.695032
Ahmedabad,1-BHK,2017-09-01,99.45,101.8992027
Ahmedabad,1-BHK,2017-10-01,99.74,78.83530639
Ahmedabad,1-BHK,2017-11-01,99.97,90.57846133
Ahmedabad,1-BHK,2017-12-01,98.01,76.39498994
Ahmedabad,1-BHK,2018-01-01,98.53,154.4926906
Ahmedabad,1-BHK,2018-02-01,99.47,128.5161679
Ahmedabad,1-BHK,2018-03-01,99.49,131.9581927
Ahmedabad,1-BHK,2018-04-01,99.85,119.3166011
Ahmedabad,1-BHK,2018-05-01,99.66,116.1058978
Ahmedabad,1-BHK,2018-06-01,99.8,114.8789749
Ahmedabad,1-BHK,2018-07-01,99.68,118.7871319
Ahmedabad,1-BHK,2018-08-01,100.46,130.1782937
Ahmedabad,1-BHK,2018-09-01,101.1,140.7130079
Ahmedabad,1-BHK,2018-10-01,100.96,111.9552841
Ahmedabad,1-BHK,2018-11-01,100.59,127.3114747
Ahmedabad,1-BHK,2018-12-01,100.59,148.7192945
Ahmedabad,1-BHK,2019-01-01,101.2,166.2892103
Ahmedabad,1-BHK,2019-02-01,101.64,164.7620629
Ahmedabad,1-BHK,2019-03-01,101.29,127.4020206
Ahmedabad,1-BHK,2019-04-01,101.69,185.7348921
Ahmedabad,1-BHK,2019-05-01,101.46,127.2484208
Ahmedabad,1-BHK,2019-06-01,101.82,123.7937856
Ahmedabad,1-BHK,2019-07-01,102.64,262.9293879
Ahmedabad,1-BHK,2019-08-01,105.6,129.4650367
Ahmedabad,1-BHK,2019-09-01,104.35,125.2564073
Ahmedabad,1-BHK,2019-10-01,104.25,160.2259259
Ahmedabad,1-BHK,2019-11-01,104.81,120.7359376
Ahmedabad,1-BHK,2019-12-01,105.15,128.2415366
Ahmedabad,1-BHK,2020-01-01,105.88,162.638795
Ahmedabad,1-BHK,2020-02-01,106.72,123.9270738
Ahmedabad,1-BHK,2020-03-01,106.32,106.8873027
Ahmedabad,1-BHK,2020-04-01,107.5,13.80244811
Ahmedabad,1-BHK,2020-05-01,107.6,22.16673124
Ahmedabad,1-BHK,2020-06-01,107.8,33.41941907
Ahmedabad,1-BHK,2020-07-01,108.26,66.10172004
Ahmedabad,1-BHK,2020-08-01,110.74,69.99966368
Ahmedabad,1-BHK,2020-09-01,110.62,65.02224526
Ahmedabad,1-BHK,2020-10-01,114.27,64.98901655
Ahmedabad,1-BHK,2020-11-01,113.77,52.84161484
Ahmedabad,1-BHK,2020-12-01,113.76,44.79094344
Bangalore,1-BHK,2017-01-01,100.0,100.0
Bangalore,1-BHK,2017-02-01,100.79,100.8779419
Bangalore,1-BHK,2017-03-01,100.7,93.48744085
Bangalore,1-BHK,2017-04-01,101.58,104.1572138
Bangalore,1-BHK,2017-05-01,101.58,104.0123463
Bangalore,1-BHK,2017-06-01,102.86,97.87503143
Bangalore,1-BHK,2017-07-01,104.68,93.92144339
Bangalore,1-BHK,2017-08-01,104.44,73.15746562
Bangalore,1-BHK,2017-09-01,104.1,109.1477071
Bangalore,1-BHK,2017-10-01,102.05,95.93411181
Bangalore,1-BHK,2017-11-01,103.64,99.98357327
Bangalore,1-BHK,2017-12-01,103.77,92.11625275
Bangalore,1-BHK,2018-01-01,102.4,149.4943617
Bangalore,1-BHK,2018-02-01,100.5,83.33379149
Bangalore,1-BHK,2018-03-01,102.36,119.4420029
Bangalore,1-BHK,2018-04-01,99.34,187.6937599
Bangalore,1-BHK,2018-05-01,99.13,131.6348355
Bangalore,1-BHK,2018-06-01,101.58,148.436759
Bangalore,1-BHK,2018-07-01,100.7,142.3331526
Bangalore,1-BHK,2018-08-01,102.83,166.3206635
Bangalore,1-BHK,2018-09-01,103.16,147.674952
Bangalore,1-BHK,2018-10-01,103.48,145.8358748
Bangalore,1-BHK,2018-11-01,103.54,127.3734042
Bangalore,1-BHK,2018-12-01,110.0,203.8155254
Bangalore,1-BHK,2019-01-01,109.93,176.562088
Bangalore,1-BHK,2019-02-01,112.31,168.3913094
Bangalore,1-BHK,2019-03-01,112.1,136.5671653
Bangalore,1-BHK,2019-04-01,111.74,160.0563441
Bangalore,1-BHK,2019-05-01,112.85,130.1341594
Bangalore,1-BHK,2019-06-01,112.04,153.3678931
Bangalore,1-BHK,2019-07-01,112.56,144.136406
Bangalore,1-BHK,2019-08-01,112.18,119.3872965
Bangalore,1-BHK,2019-09-01,115.3,126.2074849
Bangalore,1-BHK,2019-10-01,116.1,169.9979407
Bangalore,1-BHK,2019-11-01,115.43,123.2073667
Bangalore,1-BHK,2019-12-01,117.86,194.2918623
Bangalore,1-BHK,2020-01-01,117.98,204.4763352
Bangalore,1-BHK,2020-02-01,118.62,175.8877139
Bangalore,1-BHK,2020-03-01,119.01,127.9753507
Bangalore,1-BHK,2020-04-01,116.71,41.32933905
Bangalore,1-BHK,2020-05-01,116.78,65.21012706
Bangalore,1-BHK,2020-06-01,115.85,85.3795725
Bangalore,1-BHK,2020-07-01,113.88,93.26774091
Bangalore,1-BHK,2020-08-01,116.42,92.66925302
Bangalore,1-BHK,2020-09-01,118.77,79.96376906
Bangalore,1-BHK,2020-10-01,117.0,114.2332327
Bangalore,1-BHK,2020-11-01,116.29,152.805457
Bangalore,1-BHK,2020-12-01,115.22,93.70824587
Chennai,1-BHK,2017-01-01,100.0,100.0
Chennai,1-BHK,2017-02-01,100.02,92.92364258
Chennai,1-BHK,2017-03-01,99.03,106.9384733
Chennai,1-BHK,2017-04-01,100.64,115.4574613
Chennai,1-BHK,2017-05-01,99.66,91.70552463
Chennai,1-BHK,2017-06-01,100.01,115.1303497
Chennai,1-BHK,2017-07-01,99.57,104.3379207
Chennai,1-BHK,2017-08-01,102.76,84.56587291
Chennai,1-BHK,2017-09-01,103.25,77.23252456
Chennai,1-BHK,2017-10-01,100.85,54.01595723
Chennai,1-BHK,2017-11-01,101.82,65.23338304
Chennai,1-BHK,2017-12-01,101.13,73.13549527
Chennai,1-BHK,2018-01-01,103.49,231.7213278
Chennai,1-BHK,2018-02-01,102.21,82.93852548
Chennai,1-BHK,2018-03-01,103.17,79.50739766
Chennai,1-BHK,2018-04-01,104.13,103.5344567
Chennai,1-BHK,2018-05-01,103.56,71.43622177
Chennai,1-BHK,2018-06-01,104.8,164.0492593
Chennai,1-BHK,2018-07-01,106.82,102.6889179
Chennai,1-BHK,2018-08-01,106.64,79.65260937
Chennai,1-BHK,2018-09-01,106.21,81.01805178
Chennai,1-BHK,2018-10-01,106.74,106.0624887
Chennai,1-BHK,2018-11-01,106.7,86.14139284
Chennai,1-BHK,2018-12-01,106.75,72.52396134
Chennai,1-BHK,2019-01-01,104.0,102.8500969
Chennai,1-BHK,2019-02-01,105.38,84.73653186
Chennai,1-BHK,2019-03-01,105.22,106.2519814
Chennai,1-BHK,2019-04-01,103.16,143.8804397
Chennai,1-BHK,2019-05-01,105.18,118.7707441
Chennai,1-BHK,2019-06-01,103.24,100.0618649
Chennai,1-BHK,2019-07-01,105.0,140.0743208
Chennai,1-BHK,2019-08-01,104.61,87.9325951
Chennai,1-BHK,2019-09-01,107.49,112.85751
Chennai,1-BHK,2019-10-01,107.12,79.26862534
Chennai,1-BHK,2019-11-01,107.73,123.7241118
Chennai,1-BHK,2019-12-01,108.62,100.3579878
Chennai,1-BHK,2020-01-01,107.61,104.8019671
Chennai,1-BHK,2020-02-01,107.19,99.79570357
Chennai,1-BHK,2020-03-01,107.3,67.17444925
Chennai,1-BHK,2020-04-01,107.14,28.16652734
Chennai,1-BHK,2020-05-01,106.23,24.53567555
Chennai,1-BHK,2020-06-01,107.19,32.24646558
Chennai,1-BHK,2020-07-01,106.85,51.65746597
Chennai,1-BHK,2020-08-01,106.05,41.2341289
Chennai,1-BHK,2020-09-01,110.05,52.52664393
Chennai,1-BHK,2020-10-01,107.75,64.96896313
Chennai,1-BHK,2020-11-01,109.72,57.28153401
Chennai,1-BHK,2020-12-01,109.29,58.23263236
Hyderabad,1-BHK,2017-01-01,100.0,100.0
Hyderabad,1-BHK,2017-02-01,100.2,6837.267899
Hyderabad,1-BHK,2017-03-01,103.8,581.0070287
Hyderabad,1-BHK,2017-04-01,109.84,787.9508495
Hyderabad,1-BHK,2017-05-01,109.84,356.3533621
Hyderabad,1-BHK,2017-06-01,111.72,309.059685
Hyderabad,1-BHK,2017-07-01,111.72,63.51310307
Hyderabad,1-BHK,2017-08-01,111.72,65.79922642
Hyderabad,1-BHK,2017-09-01,111.72,56.73698508
Hyderabad,1-BHK,2017-10-01,111.72,49.47945064
Hyderabad,1-BHK,2017-11-01,111.72,16.93424703
Hyderabad,1-BHK,2017-12-01,111.72,41.60744495
Hyderabad,1-BHK,2018-01-01,113.93,38.08516926
Hyderabad,1-BHK,2018-02-01,113.93,26.69805001
Hyderabad,1-BHK,2018-03-01,113.93,43.30426558
Hyderabad,1-BHK,2018-04-01,116.27,37.68482476
Hyderabad,1-BHK,2018-05-01,116.65,59.95778751
Hyderabad,1-BHK,2018-06-01,116.55,56.63407012
Hyderabad,1-BHK,2018-07-01,116.26,26.21857018
Hyderabad,1-BHK,2018-08-01,116.26,34.35520749
Hyderabad,1-BHK,2018-09-01,120.91,33.83959453
Hyderabad,1-BHK,2018-10-01,120.26,26.91940218
Hyderabad,1-BHK,2018-11-01,120.51,39.88841939
Hyderabad,1-BHK,2018-12-01,118.65,35.69019833
Hyderabad,1-BHK,2019-01-01,120.65,66.69855334
Hyderabad,1-BHK,2019-02-01,121.65,54.32793153
Hyderabad,1-BHK,2019-03-01,121.77,39.0072293
Hyderabad,1-BHK,2019-04-01,124.48,39.53007562
Hyderabad,1-BHK,2019-05-01,126.04,37.28885532
Hyderabad,1-BHK,2019-06-01,126.02,22.70457039
Hyderabad,1-BHK,2019-07-01,134.64,90.81311299
Hyderabad,1-BHK,2019-08-01,139.75,107.1214299
Hyderabad,1-BHK,2019-09-01,137.76,100.7085232
Hyderabad,1-BHK,2019-10-01,143.06,90.68345576
Hyderabad,1-BHK,2019-11-01,143.06,97.10686721
Hyderabad,1-BHK,2019-12-01,142.97,55.59693966
Hyderabad,1-BHK,2020-01-01,156.04,61.0782743
Hyderabad,1-BHK,2020-02-01,156.05,36.54449966
Hyderabad,1-BHK,2020-03-01,156.05,22.77536354
Hyderabad,1-BHK,2020-04-01,157.55,7.576675324
Hyderabad,1-BHK,2020-05-01,157.5,20.72096451
Hyderabad,1-BHK,2020-06-01,157.5,27.62795268
Hyderabad,1-BHK,2020-07-01,157.5,22.6943897
Hyderabad,1-BHK,2020-08-01,161.02,29.20653045
Hyderabad,1-BHK,2020-09-01,161.02,37.01172393
Hyderabad,1-BHK,2020-10-01,157.06,20.64953346
Hyderabad,1-BHK,2020-11-01,156.97,172.2035256
Hyderabad,1-BHK,2020-12-01,157.06,6.883177819
India,1-BHK,2017-01-01,100.0,100.0
India,1-BHK,2017-02-01,100.33,107.2457576
India,1-BHK,2017-03-01,100.11,102.878203
India,1-BHK,2017-04-01,100.75,116.8634035
India,1-BHK,2017-05-01,100.85,99.98835863
India,1-BHK,2017-06-01,101.62,102.9662002
India,1-BHK,2017-07-01,102.31,106.505541
India,1-BHK,2017-08-01,103.04,110.496697
India,1-BHK,2017-09-01,103.85,106.7080938
India,1-BHK,2017-10-01,103.86,94.24435978
India,1-BHK,2017-11-01,103.9,99.03402144
India,1-BHK,2017-12-01,104.47,102.6843965
India,1-BHK,2018-01-01,105.53,165.3153342
India,1-BHK,2018-02-01,105.1,116.829865
India,1-BHK,2018-03-01,104.97,122.9954786
India,1-BHK,2018-04-01,105.52,131.3695139
India,1-BHK,2018-05-01,105.2,114.2211689
India,1-BHK,2018-06-01,106.29,117.6449578
India,1-BHK,2018-07-01,106.88,116.7944515
India,1-BHK,2018-08-01,106.34,118.7220114
India,1-BHK,2018-09-01,107.41,123.8628864
India,1-BHK,2018-10-01,106.95,138.1812446
India,1-BHK,2018-11-01,107.43,116.225027
India,1-BHK,2018-12-01,107.85,112.7792956
India,1-BHK,2019-01-01,108.52,125.8658589
India,1-BHK,2019-02-01,108.49,105.3796122
India,1-BHK,2019-03-01,108.32,106.1068137
India,1-BHK,2019-04-01,108.42,132.3041646
India,1-BHK,2019-05-01,108.41,118.020913
India,1-BHK,2019-06-01,108.81,110.18212
India,1-BHK,2019-07-01,108.64,128.3757456
India,1-BHK,2019-08-01,109.5,106.8924581
India,1-BHK,2019-09-01,109.66,100.9893081
India,1-BHK,2019-10-01,109.84,112.4743176
India,1-BHK,2019-11-01,109.53,105.7367458
India,1-BHK,2019-12-01,110.23,99.51374925
India,1-BHK,2020-01-01,109.73,133.4999738
India,1-BHK,2020-02-01,110.01,107.0572209
India,1-BHK,2020-03-01,110.18,94.60363594
India,1-BHK,2020-04-01,109.76,15.17372204
India,1-BHK,2020-05-01,109.92,23.84338775
India,1-BHK,2020-06-01,110.35,27.1988027
India,1-BHK,2020-07-01,110.78,42.83339057
India,1-BHK,2020-08-01,110.67,38.66692585
India,1-BHK,2020-09-01,111.47,37.56863966
India,1-BHK,2020-10-01,111.3,92.75869469
India,1-BHK,2020-11-01,111.65,85.50114254
India,1-BHK,2020-12-01,111.53,62.55100954
Kolkata,1-BHK,2017-01-01,100.0,100.0
Kolkata,1-BHK,2017-02-01,100.64,89.49729717
Kolkata,1-BHK,2017-03-01,104.16,102.7649382
Kolkata,1-BHK,2017-04-01,103.37,98.71095283
Kolkata,1-BHK,2017-05-01,100.41,74.61386283
Kolkata,1-BHK,2017-06-01,103.59,73.86136604
Kolkata,1-BHK,2017-07-01,101.94,89.68202217
Kolkata,1-BHK,2017-08-01,105.29,67.98544827
Kolkata,1-BHK,2017-09-01,100.29,60.9480933
Kolkata,1-BHK,2017-10-01,97.37,66.57061175
Kolkata,1-BHK,2017-11-01,101.65,53.3911861
Kolkata,1-BHK,2017-12-01,101.4,38.53969554
Kolkata,1-BHK,2018-01-01,99.5,102.6244208
Kolkata,1-BHK,2018-02-01,101.01,61.34082111
Kolkata,1-BHK,2018-03-01,106.48,57.39965181
Kolkata,1-BHK,2018-04-01,105.03,36.2417634
Kolkata,1-BHK,2018-05-01,104.11,56.46416464
Kolkata,1-BHK,2018-06-01,104.78,971.0235146
Kolkata,1-BHK,2018-07-01,116.48,41.1063685
Kolkata,1-BHK,2018-08-01,101.48,45.66200601
Kolkata,1-BHK,2018-09-01,104.37,51.97839098
Kolkata,1-BHK,2018-10-01,101.93,47.07325816
Kolkata,1-BHK,2018-11-01,101.0,68.89970745
Kolkata,1-BHK,2018-12-01,98.62,65.28466374
Kolkata,1-BHK,2019-01-01,99.13,61.54863744
Kolkata,1-BHK,2019-02-01,96.47,61.71704231
Kolkata,1-BHK,2019-03-01,100.32,58.2443528
Kolkata,1-BHK,2019-04-01,97.11,49.72048586
Kolkata,1-BHK,2019-05-01,102.73,57.37431713
Kolkata,1-BHK,2019-06-01,101.01,56.9519582
Kolkata,1-BHK,2019-07-01,101.44,68.01397477
Kolkata,1-BHK,2019-08-01,99.93,51.13833677
Kolkata,1-BHK,2019-09-01,101.24,48.89579128
Kolkata,1-BHK,2019-10-01,97.59,52.53144957
Kolkata,1-BHK,2019-11-01,103.03,52.40481996
Kolkata,1-BHK,2019-12-01,104.15,57.7981731
Kolkata,1-BHK,2020-01-01,109.2,51.33610178
Kolkata,1-BHK,2020-02-01,101.97,49.33043037
Kolkata,1-BHK,2020-03-01,102.8,44.65196433
Kolkata,1-BHK,2020-04-01,101.38,6.55986516
Kolkata,1-BHK,2020-05-01,101.16,4.208001605
Kolkata,1-BHK,2020-06-01,103.3,18.13355474
Kolkata,1-BHK,2020-07-01,113.94,23.93923784
Kolkata,1-BHK,2020-08-01,115.52,29.0887432
Kolkata,1-BHK,2020-09-01,109.6,26.9419963
Kolkata,1-BHK,2020-10-01,108.61,41.31905571
Kolkata,1-BHK,2020-11-01,102.74,31.43739738
Kolkata,1-BHK,2020-12-01,105.4,20.507449
Mumbai,1-BHK,2017-01-01,100.0,100.0
Mumbai,1-BHK,2017-02-01,100.46,100.1526316
Mumbai,1-BHK,2017-03-01,100.28,102.8133492
Mumbai,1-BHK,2017-04-01,100.93,118.8779432
Mumbai,1-BHK,2017-05-01,101.08,102.9639718
Mumbai,1-BHK,2017-06-01,102.07,104.4587019
Mumbai,1-BHK,2017-07-01,102.7,107.4657397
Mumbai,1-BHK,2017-08-01,103.64,116.9770854
Mumbai,1-BHK,2017-09-01,104.78,109.5230762
Mumbai,1-BHK,2017-10-01,104.82,96.434939
Mumbai,1-BHK,2017-11-01,104.56,101.7425689
Mumbai,1-BHK,2017-12-01,105.32,103.4507375
Mumbai,1-BHK,2018-01-01,106.63,156.0447373
Mumbai,1-BHK,2018-02-01,106.27,115.8226717
Mumbai,1-BHK,2018-03-01,105.97,121.7060901
Mumbai,1-BHK,2018-04-01,106.41,125.9073885
Mumbai,1-BHK,2018-05-01,106.27,114.2157634
Mumbai,1-BHK,2018-06-01,107.49,109.5181651
Mumbai,1-BHK,2018-07-01,108.15,111.4328989
Mumbai,1-BHK,2018-08-01,107.65,115.1615997
Mumbai,1-BHK,2018-09-01,108.66,120.3504099
Mumbai,1-BHK,2018-10-01,107.89,135.6835734
Mumbai,1-BHK,2018-11-01,108.49,111.4392053
Mumbai,1-BHK,2018-12-01,108.6,106.2061212
Mumbai,1-BHK,2019-01-01,109.59,121.5764364
Mumbai,1-BHK,2019-02-01,109.36,98.35866567
Mumbai,1-BHK,2019-03-01,109.15,100.9201742
Mumbai,1-BHK,2019-04-01,108.85,126.5755396
Mumbai,1-BHK,2019-05-01,108.73,116.7732352
Mumbai,1-BHK,2019-06-01,109.35,109.1286298
Mumbai,1-BHK,2019-07-01,109.08,125.5076174
Mumbai,1-BHK,2019-08-01,109.92,104.8032884
Mumbai,1-BHK,2019-09-01,110.05,98.19503823
Mumbai,1-BHK,2019-10-01,110.27,112.9072619
Mumbai,1-BHK,2019-11-01,109.82,107.010904
Mumbai,1-BHK,2019-12-01,110.51,97.36112714
Mumbai,1-BHK,2020-01-01,109.87,127.539924
Mumbai,1-BHK,2020-02-01,110.23,100.0516884
Mumbai,1-BHK,2020-03-01,110.44,90.26512724
Mumbai,1-BHK,2020-04-01,109.82,13.72915392
Mumbai,1-BHK,2020-05-01,110.13,21.32861611
Mumbai,1-BHK,2020-06-01,110.62,24.12827927
Mumbai,1-BHK,2020-07-01,110.72,37.77510924
Mumbai,1-BHK,2020-08-01,110.52,33.21508736
Mumbai,1-BHK,2020-09-01,111.42,33.2454963
Mumbai,1-BHK,2020-10-01,111.59,97.44237089
Mumbai,1-BHK,2020-11-01,112.19,86.44460295
Mumbai,1-BHK,2020-12-01,111.87,62.54799895
NCR,1-BHK,2017-01-01,100.0,100.0
NCR,1-BHK,2017-02-01,99.53,128.7606661
NCR,1-BHK,2017-03-01,99.64,142.0531885
NCR,1-BHK,2017-04-01,98.73,193.6890641
NCR,1-BHK,2017-05-01,98.74,163.1443295
NCR,1-BHK,2017-06-01,98.26,161.618648
NCR,1-BHK,2017-07-01,98.65,190.4037369
NCR,1-BHK,2017-08-01,98.87,173.8597387
NCR,1-BHK,2017-09-01,97.82,235.4645147
NCR,1-BHK,2017-10-01,98.22,180.1386189
NCR,1-BHK,2017-11-01,97.84,186.9184082
NCR,1-BHK,2017-12-01,98.16,195.2685727
NCR,1-BHK,2018-01-01,97.98,346.4442618
NCR,1-BHK,2018-02-01,98.43,196.0823366
NCR,1-BHK,2018-03-01,97.96,245.6227527
NCR,1-BHK,2018-04-01,98.0,235.2164768
NCR,1-BHK,2018-05-01,98.11,190.7704679
NCR,1-BHK,2018-06-01,98.19,190.1698182
NCR,1-BHK,2018-07-01,97.88,706.0935571
NCR,1-BHK,2018-08-01,97.7,329.5534544
NCR,1-BHK,2018-09-01,97.78,326.4751107
NCR,1-BHK,2018-10-01,97.33,284.9062822
NCR,1-BHK,2018-11-01,97.36,317.8531654
NCR,1-BHK,2018-12-01,97.65,264.6568807
NCR,1-BHK,2019-01-01,101.67,274.935382
NCR,1-BHK,2019-02-01,101.44,342.190315
NCR,1-BHK,2019-03-01,101.69,272.9036692
NCR,1-BHK,2019-04-01,101.55,260.7028992
NCR,1-BHK,2019-05-01,101.27,275.8679557
NCR,1-BHK,2019-06-01,101.5,200.9977856
NCR,1-BHK,2019-07-01,101.0,356.9529776
NCR,1-BHK,2019-08-01,109.56,278.6028158
NCR,1-BHK,2019-09-01,110.42,224.498393
NCR,1-BHK,2019-10-01,110.27,268.8030446
NCR,1-BHK,2019-11-01,110.58,241.4918675
NCR,1-BHK,2019-12-01,110.27,217.3085356
NCR,1-BHK,2020-01-01,109.85,248.2303849
NCR,1-BHK,2020-02-01,110.62,370.0438184
NCR,1-BHK,2020-03-01,110.04,128.9548344
NCR,1-BHK,2020-04-01,110.55,22.02960736
NCR,1-BHK,2020-05-01,110.46,33.45346948
NCR,1-BHK,2020-06-01,110.36,38.42408296
NCR,1-BHK,2020-07-01,112.55,92.04219943
NCR,1-BHK,2020-08-01,113.39,83.21173561
NCR,1-BHK,2020-09-01,112.62,75.52752588
NCR,1-BHK,2020-10-01,113.45,88.84182238
NCR,1-BHK,2020-11-01,113.35,99.67457274
NCR,1-BHK,2020-12-01,113.01,92.42582639
Pune,1-BHK,2017-01-01,100.0,100.0
Pune,1-BHK,2017-02-01,99.9,98.0684953
Pune,1-BHK,2017-03-01,99.38,96.79669017
Pune,1-BHK,2017-04-01,100.1,99.23644956
Pune,1-BHK,2017-05-01,100.24,82.08281085
Pune,1-BHK,2017-06-01,100.16,91.05500993
Pune,1-BHK,2017-07-01,101.1,96.07917673
Pune,1-BHK,2017-08-01,101.0,88.26708293
Pune,1-BHK,2017-09-01,101.09,93.2228184
Pune,1-BHK,2017-10-01,101.41,86.12898873
Pune,1-BHK,2017-11-01,102.29,88.91974063
Pune,1-BHK,2017-12-01,102.54,102.8540971
Pune,1-BHK,2018-01-01,103.03,196.3279391
Pune,1-BHK,2018-02-01,102.32,124.9573103
Pune,1-BHK,2018-03-01,102.43,129.0230537
Pune,1-BHK,2018-04-01,103.87,151.5410552
Pune,1-BHK,2018-05-01,102.82,114.6285677
Pune,1-BHK,2018-06-01,103.41,106.9615911
Pune,1-BHK,2018-07-01,103.73,116.1932566
Pune,1-BHK,2018-08-01,102.86,125.7550065
Pune,1-BHK,2018-09-01,104.46,133.1921645
Pune,1-BHK,2018-10-01,105.07,149.5413651
Pune,1-BHK,2018-11-01,105.27,130.4664951
Pune,1-BHK,2018-12-01,106.3,128.2343454
Pune,1-BHK,2019-01-01,105.74,134.5974796
Pune,1-BHK,2019-02-01,106.17,118.5778531
Pune,1-BHK,2019-03-01,106.03,118.6482913
Pune,1-BHK,2019-04-01,107.94,147.5056545
Pune,1-BHK,2019-05-01,108.02,117.3922174
Pune,1-BHK,2019-06-01,107.96,108.8309157
Pune,1-BHK,2019-07-01,107.83,122.572733
Pune,1-BHK,2019-08-01,108.1,109.0537209
Pune,1-BHK,2019-09-01,107.84,104.433909
Pune,1-BHK,2019-10-01,107.91,100.1412574
Pune,1-BHK,2019-11-01,107.86,92.4700613
Pune,1-BHK,2019-12-01,108.52,93.88264593
Pune,1-BHK,2020-01-01,108.26,150.757139
Pune,1-BHK,2020-02-01,108.25,120.0416675
Pune,1-BHK,2020-03-01,108.36,112.1455248
Pune,1-BHK,2020-04-01,108.7,17.74576004
Pune,1-BHK,2020-05-01,108.41,30.65586339
Pune,1-BHK,2020-06-01,108.83,33.35549299
Pune,1-BHK,2020-07-01,110.46,55.54290226
Pune,1-BHK,2020-08-01,110.1,52.27347357
Pune,1-BHK,2020-09-01,110.45,47.20362764
Pune,1-BHK,2020-10-01,108.92,78.05062041
Pune,1-BHK,2020-11-01,108.55,80.106499
Pune,1-BHK,2020-12-01,109.35,61.90971048
Ahmedabad,2-BHK,2017-01-01,100.0,100.0
Ahmedabad,2-BHK,2017-02-01,99.73,119.7978301
Ahmedabad,2-BHK,2017-03-01,100.0,115.9863832
Ahmedabad,2-BHK,2017-04-01,98.31,141.3059904
Ahmedabad,2-BHK,2017-05-01,98.21,134.2795605
Ahmedabad,2-BHK,2017-06-01,98.15,141.7533921
Ahmedabad,2-BHK,2017-07-01,98.48,122.019729
Ahmedabad,2-BHK,2017-08-01,98.74,99.97206312
Ahmedabad,2-BHK,2017-09-01,98.11,116.8799885
Ahmedabad,2-BHK,2017-10-01,98.55,93.94282022
Ahmedabad,2-BHK,2017-11-01,98.72,99.42140803
Ahmedabad,2-BHK,2017-12-01,100.47,89.93488031
Ahmedabad,2-BHK,2018-01-01,99.9,176.8015308
Ahmedabad,2-BHK,2018-02-01,99.69,124.3955209
Ahmedabad,2-BHK,2018-03-01,99.56,138.926961
Ahmedabad,2-BHK,2018-04-01,100.98,179.1519469
Ahmedabad,2-BHK,2018-05-01,101.28,140.8944756
Ahmedabad,2-BHK,2018-06-01,102.22,134.7704103
Ahmedabad,2-BHK,2018-07-01,100.82,131.8875508
Ahmedabad,2-BHK,2018-08-01,101.61,116.7882269
Ahmedabad,2-BHK,2018-09-01,100.59,108.6675958
Ahmedabad,2-BHK,2018-10-01,101.04,121.6560476
Ahmedabad,2-BHK,2018-11-01,102.41,128.390371
Ahmedabad,2-BHK,2018-12-01,104.24,125.3345726
Ahmedabad,2-BHK,2019-01-01,104.86,155.8128997
Ahmedabad,2-BHK,2019-02-01,105.9,150.0667543
Ahmedabad,2-BHK,2019-03-01,106.66,131.9955827
Ahmedabad,2-BHK,2019-04-01,106.91,179.6983921
Ahmedabad,2-BHK,2019-05-01,108.12,129.7814204
Ahmedabad,2-BHK,2019-06-01,108.41,122.3426134
Ahmedabad,2-BHK,2019-07-01,107.76,239.7591231
Ahmedabad,2-BHK,2019-08-01,109.8,141.3096196
Ahmedabad,2-BHK,2019-09-01,110.46,126.3541074
Ahmedabad,2-BHK,2019-10-01,110.7,130.9807412
Ahmedabad,2-BHK,2019-11-01,110.14,124.8524004
Ahmedabad,2-BHK,2019-12-01,111.12,115.9425882
Ahmedabad,2-BHK,2020-01-01,112.08,153.055581
Ahmedabad,2-BHK,2020-02-01,112.8,96.34842
Ahmedabad,2-BHK,2020-03-01,113.44,88.12793266
Ahmedabad,2-BHK,2020-04-01,114.42,14.79611406
Ahmedabad,2-BHK,2020-05-01,114.24,24.31228287
Ahmedabad,2-BHK,2020-06-01,114.28,33.93796129
Ahmedabad,2-BHK,2020-07-01,114.69,53.51594721
Ahmedabad,2-BHK,2020-08-01,117.45,62.51338434
Ahmedabad,2-BHK,2020-09-01,117.47,56.36905832
Ahmedabad,2-BHK,2020-10-01,120.24,67.02092706
Ahmedabad,2-BHK,2020-11-01,119.59,55.21059501
Ahmedabad,2-BHK,2020-12-01,120.91,49.24211733
Bangalore,2-BHK,2017-01-01,100.0,100.0
Bangalore,2-BHK,2017-02-01,99.45,92.9942881
Bangalore,2-BHK,2017-03-01,100.16,105.7129356
Bangalore,2-BHK,2017-04-01,100.31,100.7739244
Bangalore,2-BHK,2017-05-01,99.82,99.21922078
Bangalore,2-BHK,2017-06-01,99.88,95.28088538
Bangalore,2-BHK,2017-07-01,100.95,87.07064949
Bangalore,2-BHK,2017-08-01,101.53,59.66808218
Bangalore,2-BHK,2017-09-01,101.65,103.8709187
Bangalore,2-BHK,2017-10-01,101.62,79.93464435
Bangalore,2-BHK,2017-11-01,102.37,86.26235321
Bangalore,2-BHK,2017-12-01,103.19,74.73870173
Bangalore,2-BHK,2018-01-01,103.35,186.3318935
Bangalore,2-BHK,2018-02-01,103.15,110.5270528
Bangalore,2-BHK,2018-03-01,103.21,126.8838705
Bangalore,2-BHK,2018-04-01,104.27,132.6291826
Bangalore,2-BHK,2018-05-01,104.48,109.580275
Bangalore,2-BHK,2018-06-01,104.73,100.8658876
Bangalore,2-BHK,2018-07-01,104.92,125.0279237
Bangalore,2-BHK,2018-08-01,106.44,120.2795786
Bangalore,2-BHK,2018-09-01,106.58,112.3881973
Bangalore,2-BHK,2018-10-01,106.53,105.3890345
Bangalore,2-BHK,2018-11-01,106.92,108.5671263
Bangalore,2-BHK,2018-12-01,108.48,113.8140887
Bangalore,2-BHK,2019-01-01,108.41,118.1962889
Bangalore,2-BHK,2019-02-01,109.61,106.9942419
Bangalore,2-BHK,2019-03-01,110.02,100.5612867
Bangalore,2-BHK,2019-04-01,110.86,114.4781196
Bangalore,2-BHK,2019-05-01,111.59,102.7113536
Bangalore,2-BHK,2019-06-01,112.33,101.3689722
Bangalore,2-BHK,2019-07-01,111.56,105.7236237
Bangalore,2-BHK,2019-08-01,112.63,104.8825602
Bangalore,2-BHK,2019-09-01,114.1,103.9267577
Bangalore,2-BHK,2019-10-01,113.92,93.74019765
Bangalore,2-BHK,2019-11-01,113.76,84.55083367
Bangalore,2-BHK,2019-12-01,115.89,85.17069269
Bangalore,2-BHK,2020-01-01,115.46,130.0617626
Bangalore,2-BHK,2020-02-01,116.86,99.37975734
Bangalore,2-BHK,2020-03-01,116.23,82.34353909
Bangalore,2-BHK,2020-04-01,116.58,24.73097973
Bangalore,2-BHK,2020-05-01,115.93,29.60229858
Bangalore,2-BHK,2020-06-01,116.77,43.47209084
Bangalore,2-BHK,2020-07-01,117.8,58.44972524
Bangalore,2-BHK,2020-08-01,117.29,61.39989155
Bangalore,2-BHK,2020-09-01,116.99,52.60629313
Bangalore,2-BHK,2020-10-01,118.07,92.23609276
Bangalore,2-BHK,2020-11-01,118.41,88.75917244
Bangalore,2-BHK,2020-12-01,119.16,78.83215593
Chennai,2-BHK,2017-01-01,100.0,100.0
Chennai,2-BHK,2017-02-01,100.98,105.8300857
Chennai,2-BHK,2017-03-01,100.2,117.0836026
Chennai,2-BHK,2017-04-01,101.21,116.4496809
Chennai,2-BHK,2017-05-01,101.19,107.6524201
Chennai,2-BHK,2017-06-01,100.98,106.4810306
Chennai,2-BHK,2017-07-01,101.07,86.24688006
Chennai,2-BHK,2017-08-01,101.21,70.68356402
Chennai,2-BHK,2017-09-01,101.25,76.19559668
Chennai,2-BHK,2017-10-01,101.53,69.74301824
Chennai,2-BHK,2017-11-01,101.9,79.70303431
Chennai,2-BHK,2017-12-01,101.63,72.01904117
Chennai,2-BHK,2018-01-01,101.73,180.8903591
Chennai,2-BHK,2018-02-01,102.04,104.3888146
Chennai,2-BHK,2018-03-01,102.85,128.3587959
Chennai,2-BHK,2018-04-01,102.03,143.4160027
Chennai,2-BHK,2018-05-01,102.54,92.6370984
Chennai,2-BHK,2018-06-01,102.31,108.436627
Chennai,2-BHK,2018-07-01,101.8,110.4698796
Chennai,2-BHK,2018-08-01,102.31,102.9520774
Chennai,2-BHK,2018-09-01,102.85,86.91856759
Chennai,2-BHK,2018-10-01,103.27,106.1092212
Chennai,2-BHK,2018-11-01,103.65,90.39716418
Chennai,2-BHK,2018-12-01,103.8,81.11856762
Chennai,2-BHK,2019-01-01,103.4,104.5026555
Chennai,2-BHK,2019-02-01,103.59,103.7815322
Chennai,2-BHK,2019-03-01,103.85,122.4033301
Chennai,2-BHK,2019-04-01,103.37,124.4953974
Chennai,2-BHK,2019-05-01,104.05,90.795666
Chennai,2-BHK,2019-06-01,104.1,81.92414923
Chennai,2-BHK,2019-07-01,104.74,104.0800297
Chennai,2-BHK,2019-08-01,104.77,88.12389512
Chennai,2-BHK,2019-09-01,105.5,90.09015832
Chennai,2-BHK,2019-10-01,105.38,90.10099887
Chennai,2-BHK,2019-11-01,105.79,87.58689673
Chennai,2-BHK,2019-12-01,105.72,87.98052685
Chennai,2-BHK,2020-01-01,105.71,97.21303091
Chennai,2-BHK,2020-02-01,105.76,98.94588169
Chennai,2-BHK,2020-03-01,106.03,76.38779955
Chennai,2-BHK,2020-04-01,106.24,19.43312134
Chennai,2-BHK,2020-05-01,105.68,35.83522317
Chennai,2-BHK,2020-06-01,107.29,56.59657503
Chennai,2-BHK,2020-07-01,106.06,61.69013323
Chennai,2-BHK,2020-08-01,106.59,66.03738605
Chennai,2-BHK,2020-09-01,107.08,67.20608746
Chennai,2-BHK,2020-10-01,107.09,86.80526298
Chennai,2-BHK,2020-11-01,107.45,84.01660372
Chennai,2-BHK,2020-12-01,107.34,70.96794468
Hyderabad,2-BHK,2017-01-01,100.0,100.0
Hyderabad,2-BHK,2017-02-01,100.69,284.9956461
Hyderabad,2-BHK,2017-03-01,101.58,125.4443452
Hyderabad,2-BHK,2017-04-01,102.6,126.3704828
Hyderabad,2-BHK,2017-05-01,103.36,107.106593
Hyderabad,2-BHK,2017-06-01,103.84,108.5074474
Hyderabad,2-BHK,2017-07-01,105.05,85.98487692
Hyderabad,2-BHK,2017-08-01,107.62,75.08496218
Hyderabad,2-BHK,2017-09-01,107.7,73.38833995
Hyderabad,2-BHK,2017-10-01,109.36,77.38831208
Hyderabad,2-BHK,2017-11-01,111.76,99.71491167
Hyderabad,2-BHK,2017-12-01,112.22,105.8795996
Hyderabad,2-BHK,2018-01-01,113.99,147.6525997
Hyderabad,2-BHK,2018-02-01,114.43,122.0788704
Hyderabad,2-BHK,2018-03-01,115.18,113.9599728
Hyderabad,2-BHK,2018-04-01,117.63,131.0912068
Hyderabad,2-BHK,2018-05-01,117.01,125.3630403
Hyderabad,2-BHK,2018-06-01,117.54,124.2274748
Hyderabad,2-BHK,2018-07-01,119.12,131.2959841
Hyderabad,2-BHK,2018-08-01,121.8,120.3555328
Hyderabad,2-BHK,2018-09-01,123.13,120.8865522
Hyderabad,2-BHK,2018-10-01,124.57,134.8511747
Hyderabad,2-BHK,2018-11-01,124.87,116.3905139
Hyderabad,2-BHK,2018-12-01,126.59,118.5334568
Hyderabad,2-BHK,2019-01-01,127.62,148.4077421
Hyderabad,2-BHK,2019-02-01,127.85,127.8836895
Hyderabad,2-BHK,2019-03-01,130.75,224.7306612
Hyderabad,2-BHK,2019-04-01,131.55,184.1680353
Hyderabad,2-BHK,2019-05-01,133.48,131.2772722
Hyderabad,2-BHK,2019-06-01,133.22,124.2241569
Hyderabad,2-BHK,2019-07-01,134.01,132.3188103
Hyderabad,2-BHK,2019-08-01,134.24,128.2885442
Hyderabad,2-BHK,2019-09-01,134.75,131.2784871
Hyderabad,2-BHK,2019-10-01,136.0,151.1542485
Hyderabad,2-BHK,2019-11-01,137.78,111.5653556
Hyderabad,2-BHK,2019-12-01,137.61,90.84563025
Hyderabad,2-BHK,2020-01-01,138.19,125.605901
Hyderabad,2-BHK,2020-02-01,139.7,91.12201695
Hyderabad,2-BHK,2020-03-01,139.56,78.73279808
Hyderabad,2-BHK,2020-04-01,140.11,13.26037944
Hyderabad,2-BHK,2020-05-01,140.39,27.4322734
Hyderabad,2-BHK,2020-06-01,141.22,24.71090846
Hyderabad,2-BHK,2020-07-01,141.86,59.29850608
Hyderabad,2-BHK,2020-08-01,145.61,48.64942518
Hyderabad,2-BHK,2020-09-01,144.26,62.73680269
Hyderabad,2-BHK,2020-10-01,145.26,101.8386842
Hyderabad,2-BHK,2020-11-01,146.54,128.7718814
Hyderabad,2-BHK,2020-12-01,146.98,88.77150835
India,2-BHK,2017-01-01,100.0,100.0
India,2-BHK,2017-02-01,99.96,103.0816411
India,2-BHK,2017-03-01,100.63,107.4286498
India,2-BHK,2017-04-01,100.93,109.6539582
India,2-BHK,2017-05-01,101.23,99.84000372
India,2-BHK,2017-06-01,101.27,101.9949313
India,2-BHK,2017-07-01,101.86,109.0357789
India,2-BHK,2017-08-01,102.2,103.1818887
India,2-BHK,2017-09-01,102.73,104.6867862
India,2-BHK,2017-10-01,102.92,100.06337
India,2-BHK,2017-11-01,103.38,104.3597004
India,2-BHK,2017-12-01,103.56,99.74148059
India,2-BHK,2018-01-01,103.38,199.9045991
India,2-BHK,2018-02-01,104.05,116.2238403
India,2-BHK,2018-03-01,104.11,126.6136367
India,2-BHK,2018-04-01,104.79,134.0700049
India,2-BHK,2018-05-01,105.45,112.1041318
India,2-BHK,2018-06-01,105.77,108.761056
India,2-BHK,2018-07-01,105.81,124.6110722
India,2-BHK,2018-08-01,106.33,113.5107185
India,2-BHK,2018-09-01,106.88,121.6580402
India,2-BHK,2018-10-01,107.25,141.5172031
India,2-BHK,2018-11-01,107.31,126.2274966
India,2-BHK,2018-12-01,107.52,120.3482465
India,2-BHK,2019-01-01,107.89,134.8604415
India,2-BHK,2019-02-01,108.58,116.5082175
India,2-BHK,2019-03-01,108.7,124.6293846
India,2-BHK,2019-04-01,109.04,142.619995
India,2-BHK,2019-05-01,109.75,119.2877295
India,2-BHK,2019-06-01,110.02,116.3978705
India,2-BHK,2019-07-01,110.28,135.00847
India,2-BHK,2019-08-01,110.63,114.7877142
India,2-BHK,2019-09-01,111.09,108.8749071
India,2-BHK,2019-10-01,110.6,118.7005128
India,2-BHK,2019-11-01,110.78,110.1825284
India,2-BHK,2019-12-01,111.16,108.5791211
India,2-BHK,2020-01-01,110.99,134.4893047
India,2-BHK,2020-02-01,111.65,108.3272095
India,2-BHK,2020-03-01,111.6,97.7232595
India,2-BHK,2020-04-01,111.39,20.57834877
India,2-BHK,2020-05-01,111.73,29.70139428
India,2-BHK,2020-06-01,111.78,36.2633361
India,2-BHK,2020-07-01,112.22,49.97126755
India,2-BHK,2020-08-01,112.7,51.64389564
India,2-BHK,2020-09-01,112.26,46.63793027
India,2-BHK,2020-10-01,112.72,85.90336583
India,2-BHK,2020-11-01,112.94,90.38429652
India,2-BHK,2020-12-01,113.14,70.41906836
Kolkata,2-BHK,2017-01-01,100.0,100.0
Kolkata,2-BHK,2017-02-01,101.19,95.18383575
Kolkata,2-BHK,2017-03-01,100.78,103.0557559
Kolkata,2-BHK,2017-04-01,100.1,89.0691257
Kolkata,2-BHK,2017-05-01,101.14,107.3677667
Kolkata,2-BHK,2017-06-01,102.02,92.65471378
Kolkata,2-BHK,2017-07-01,102.11,91.34187611
Kolkata,2-BHK,2017-08-01,103.38,79.81152205
Kolkata,2-BHK,2017-09-01,103.12,71.81011037
Kolkata,2-BHK,2017-10-01,100.9,67.40190004
Kolkata,2-BHK,2017-11-01,104.1,73.42667371
Kolkata,2-BHK,2017-12-01,104.16,73.07881943
Kolkata,2-BHK,2018-01-01,103.47,118.0121241
Kolkata,2-BHK,2018-02-01,104.56,80.83621408
Kolkata,2-BHK,2018-03-01,104.21,83.61344897
Kolkata,2-BHK,2018-04-01,104.91,66.01563303
Kolkata,2-BHK,2018-05-01,105.13,70.2344694
Kolkata,2-BHK,2018-06-01,105.5,68.25310021
Kolkata,2-BHK,2018-07-01,105.92,85.89099468
Kolkata,2-BHK,2018-08-01,105.1,74.09982966
Kolkata,2-BHK,2018-09-01,105.8,74.02409746
Kolkata,2-BHK,2018-10-01,105.66,69.13093588
Kolkata,2-BHK,2018-11-01,105.77,78.25010626
Kolkata,2-BHK,2018-12-01,105.71,71.14733528
Kolkata,2-BHK,2019-01-01,105.98,85.42586382
Kolkata,2-BHK,2019-02-01,106.78,61.78308897
Kolkata,2-BHK,2019-03-01,106.49,66.07896688
Kolkata,2-BHK,2019-04-01,108.7,80.81846507
Kolkata,2-BHK,2019-05-01,108.6,71.90703657
Kolkata,2-BHK,2019-06-01,108.55,66.7274349
Kolkata,2-BHK,2019-07-01,110.07,71.54460409
Kolkata,2-BHK,2019-08-01,110.59,73.7362037
Kolkata,2-BHK,2019-09-01,110.78,64.58242674
Kolkata,2-BHK,2019-10-01,112.18,74.20283456
Kolkata,2-BHK,2019-11-01,112.23,68.9778874
Kolkata,2-BHK,2019-12-01,112.51,66.51343042
Kolkata,2-BHK,2020-01-01,112.76,85.17163326
Kolkata,2-BHK,2020-02-01,112.72,64.53832221
Kolkata,2-BHK,2020-03-01,111.84,65.21255796
Kolkata,2-BHK,2020-04-01,114.81,27.47352151
Kolkata,2-BHK,2020-05-01,114.06,40.86306128
Kolkata,2-BHK,2020-06-01,115.57,58.6305563
Kolkata,2-BHK,2020-07-01,114.08,75.48181751
Kolkata,2-BHK,2020-08-01,114.86,78.5380925
Kolkata,2-BHK,2020-09-01,116.0,61.18265132
Kolkata,2-BHK,2020-10-01,114.42,79.57118394
Kolkata,2-BHK,2020-11-01,113.53,61.58208208
Kolkata,2-BHK,2020-12-01,113.92,49.8648732
Mumbai,2-BHK,2017-01-01,100.0,100.0
Mumbai,2-BHK,2017-02-01,99.84,95.96357524
Mumbai,2-BHK,2017-03-01,101.53,105.7740094
Mumbai,2-BHK,2017-04-01,101.39,112.3976281
Mumbai,2-BHK,2017-05-01,101.9,98.90040581
Mumbai,2-BHK,2017-06-01,101.9,103.1993276
Mumbai,2-BHK,2017-07-01,102.67,101.7789097
Mumbai,2-BHK,2017-08-01,102.72,116.6571512
Mumbai,2-BHK,2017-09-01,103.86,113.2345055
Mumbai,2-BHK,2017-10-01,103.91,104.3989239
Mumbai,2-BHK,2017-11-01,104.1,114.7582385
Mumbai,2-BHK,2017-12-01,104.48,107.8127095
Mumbai,2-BHK,2018-01-01,104.22,202.9155828
Mumbai,2-BHK,2018-02-01,105.71,118.1040459
Mumbai,2-BHK,2018-03-01,105.61,127.4653302
Mumbai,2-BHK,2018-04-01,106.11,128.1821303
Mumbai,2-BHK,2018-05-01,106.73,110.2888447
Mumbai,2-BHK,2018-06-01,107.21,104.1003395
Mumbai,2-BHK,2018-07-01,107.09,110.619912
Mumbai,2-BHK,2018-08-01,107.73,103.9739563
Mumbai,2-BHK,2018-09-01,108.61,121.2908149
Mumbai,2-BHK,2018-10-01,108.44,152.76245
Mumbai,2-BHK,2018-11-01,108.71,128.5094606
Mumbai,2-BHK,2018-12-01,108.68,115.6699787
Mumbai,2-BHK,2019-01-01,109.08,130.2735236
Mumbai,2-BHK,2019-02-01,109.92,106.0123138
Mumbai,2-BHK,2019-03-01,109.98,114.4041674
Mumbai,2-BHK,2019-04-01,109.95,134.4006196
Mumbai,2-BHK,2019-05-01,111.45,109.2731859
Mumbai,2-BHK,2019-06-01,111.39,108.9871914
Mumbai,2-BHK,2019-07-01,112.02,129.3410435
Mumbai,2-BHK,2019-08-01,112.0,102.5164503
Mumbai,2-BHK,2019-09-01,112.35,98.62424393
Mumbai,2-BHK,2019-10-01,111.31,115.6648139
Mumbai,2-BHK,2019-11-01,111.68,110.5216886
Mumbai,2-BHK,2019-12-01,111.55,114.2858502
Mumbai,2-BHK,2020-01-01,111.45,129.8369973
Mumbai,2-BHK,2020-02-01,111.97,103.4173933
Mumbai,2-BHK,2020-03-01,111.58,95.98111406
Mumbai,2-BHK,2020-04-01,110.31,17.33789503
Mumbai,2-BHK,2020-05-01,110.59,23.0367357
Mumbai,2-BHK,2020-06-01,110.17,27.82321805
Mumbai,2-BHK,2020-07-01,111.13,36.62247993
Mumbai,2-BHK,2020-08-01,110.97,37.22869826
Mumbai,2-BHK,2020-09-01,110.76,33.00566615
Mumbai,2-BHK,2020-10-01,111.41,81.28020357
Mumbai,2-BHK,2020-11-01,111.22,83.09897152
Mumbai,2-BHK,2020-12-01,110.86,65.34988441
NCR,2-BHK,2017-01-01,100.0,100.0
NCR,2-BHK,2017-02-01,99.39,99.20520984
NCR,2-BHK,2017-03-01,96.0,145.676656
NCR,2-BHK,2017-04-01,97.11,121.6979754
NCR,2-BHK,2017-05-01,98.18,117.1206956
NCR,2-BHK,2017-06-01,97.98,123.0442449
NCR,2-BHK,2017-07-01,97.26,377.6986914
NCR,2-BHK,2017-08-01,97.72,164.4556825
NCR,2-BHK,2017-09-01,96.52,134.1214069
NCR,2-BHK,2017-10-01,97.83,239.5970892
NCR,2-BHK,2017-11-01,95.4,169.3056267
NCR,2-BHK,2017-12-01,95.9,149.6021433
NCR,2-BHK,2018-01-01,92.84,351.9142459
NCR,2-BHK,2018-02-01,91.43,168.3447155
NCR,2-BHK,2018-03-01,92.29,187.222421
NCR,2-BHK,2018-04-01,91.54,220.4678386
NCR,2-BHK,2018-05-01,91.15,170.3000753
NCR,2-BHK,2018-06-01,91.71,176.5158967
NCR,2-BHK,2018-07-01,92.64,305.2989634
NCR,2-BHK,2018-08-01,91.64,199.9579472
NCR,2-BHK,2018-09-01,91.0,184.0746381
NCR,2-BHK,2018-10-01,94.8,153.1897464
NCR,2-BHK,2018-11-01,92.35,188.4059087
NCR,2-BHK,2018-12-01,89.07,191.6152954
NCR,2-BHK,2019-01-01,87.94,189.6009966
NCR,2-BHK,2019-02-01,86.96,169.5238913
NCR,2-BHK,2019-03-01,84.51,208.8925325
NCR,2-BHK,2019-04-01,84.13,190.5356261
NCR,2-BHK,2019-05-01,81.46,229.6349047
NCR,2-BHK,2019-06-01,81.15,243.9252073
NCR,2-BHK,2019-07-01,81.06,264.2107709
NCR,2-BHK,2019-08-01,81.51,277.5280292
NCR,2-BHK,2019-09-01,82.48,169.1018852
NCR,2-BHK,2019-10-01,82.59,167.8932401
NCR,2-BHK,2019-11-01,82.93,184.1053848
NCR,2-BHK,2019-12-01,83.05,132.2444494
NCR,2-BHK,2020-01-01,83.46,133.5090409
NCR,2-BHK,2020-02-01,84.34,140.6743983
NCR,2-BHK,2020-03-01,85.82,104.0805062
NCR,2-BHK,2020-04-01,88.88,21.85513377
NCR,2-BHK,2020-05-01,89.44,33.20246074
NCR,2-BHK,2020-06-01,89.66,36.70940956
NCR,2-BHK,2020-07-01,86.54,65.91768475
NCR,2-BHK,2020-08-01,88.05,99.37427341
NCR,2-BHK,2020-09-01,86.17,67.10265082
NCR,2-BHK,2020-10-01,88.56,96.77559547
NCR,2-BHK,2020-11-01,90.43,134.3781647
NCR,2-BHK,2020-12-01,91.94,55.75946821
Pune,2-BHK,2017-01-01,100.0,100.0
Pune,2-BHK,2017-02-01,100.2,90.65303762
Pune,2-BHK,2017-03-01,100.24,97.44154203
Pune,2-BHK,2017-04-01,101.43,98.80042381
Pune,2-BHK,2017-05-01,101.4,88.93383735
Pune,2-BHK,2017-06-01,101.46,91.13605821
Pune,2-BHK,2017-07-01,101.58,91.33787334
Pune,2-BHK,2017-08-01,101.93,98.22131529
Pune,2-BHK,2017-09-01,102.32,94.29223426
Pune,2-BHK,2017-10-01,102.38,88.30843528
Pune,2-BHK,2017-11-01,103.56,87.96004435
Pune,2-BHK,2017-12-01,102.76,94.13159637
Pune,2-BHK,2018-01-01,103.1,200.2499014
Pune,2-BHK,2018-02-01,103.31,109.6610071
Pune,2-BHK,2018-03-01,103.27,118.8389491
Pune,2-BHK,2018-04-01,104.36,133.989271
Pune,2-BHK,2018-05-01,105.94,110.1385466
Pune,2-BHK,2018-06-01,105.84,109.9484493
Pune,2-BHK,2018-07-01,105.85,129.1606043
Pune,2-BHK,2018-08-01,105.87,122.2931152
Pune,2-BHK,2018-09-01,106.35,132.2239291
Pune,2-BHK,2018-10-01,106.78,154.7783932
Pune,2-BHK,2018-11-01,106.67,135.0678979
Pune,2-BHK,2018-12-01,107.35,137.2547642
Pune,2-BHK,2019-01-01,108.26,152.2054105
Pune,2-BHK,2019-02-01,109.03,139.9885724
Pune,2-BHK,2019-03-01,109.31,132.6174129
Pune,2-BHK,2019-04-01,110.29,166.3143231
Pune,2-BHK,2019-05-01,110.21,141.6591015
Pune,2-BHK,2019-06-01,111.28,132.2556622
Pune,2-BHK,2019-07-01,111.17,142.6307689
Pune,2-BHK,2019-08-01,111.72,126.3492428
Pune,2-BHK,2019-09-01,111.79,127.83322
Pune,2-BHK,2019-10-01,111.45,133.806127
Pune,2-BHK,2019-11-01,111.12,118.4009
Pune,2-BHK,2019-12-01,111.99,116.4784491
Pune,2-BHK,2020-01-01,111.19,161.3583616
Pune,2-BHK,2020-02-01,111.81,132.7630728
Pune,2-BHK,2020-03-01,112.12,123.7537345
Pune,2-BHK,2020-04-01,112.13,27.13438018
Pune,2-BHK,2020-05-01,113.3,42.57493067
Pune,2-BHK,2020-06-01,113.35,46.23504427
Pune,2-BHK,2020-07-01,114.0,63.64822515
Pune,2-BHK,2020-08-01,114.81,62.45871744
Pune,2-BHK,2020-09-01,114.09,58.69482848
Pune,2-BHK,2020-10-01,113.1,90.85493475
Pune,2-BHK,2020-11-01,113.64,102.6898686
Pune,2-BHK,2020-12-01,114.14,82.18754016
Ahmedabad,3-BHK,2017-01-01,100.0,100.0
Ahmedabad,3-BHK,2017-02-01,99.52,97.3055942
Ahmedabad,3-BHK,2017-03-01,100.18,126.6948176
Ahmedabad,3-BHK,2017-04-01,99.93,132.8306821
Ahmedabad,3-BHK,2017-05-01,101.24,127.1378182
Ahmedabad,3-BHK,2017-06-01,100.11,138.2724822
Ahmedabad,3-BHK,2017-07-01,101.39,98.52489086
Ahmedabad,3-BHK,2017-08-01,101.31,99.37331912
Ahmedabad,3-BHK,2017-09-01,101.0,126.5879644
Ahmedabad,3-BHK,2017-10-01,101.19,104.7325984
Ahmedabad,3-BHK,2017-11-01,102.01,102.7807561
Ahmedabad,3-BHK,2017-12-01,101.53,93.65804266
Ahmedabad,3-BHK,2018-01-01,100.36,164.7278611
Ahmedabad,3-BHK,2018-02-01,100.43,140.1391636
Ahmedabad,3-BHK,2018-03-01,100.57,149.4918036
Ahmedabad,3-BHK,2018-04-01,101.28,156.7828309
Ahmedabad,3-BHK,2018-05-01,100.33,142.5573179
Ahmedabad,3-BHK,2018-06-01,101.45,128.0060079
Ahmedabad,3-BHK,2018-07-01,101.98,132.9069635
Ahmedabad,3-BHK,2018-08-01,102.14,132.2183517
Ahmedabad,3-BHK,2018-09-01,101.61,138.999847
Ahmedabad,3-BHK,2018-10-01,100.92,145.7019284
Ahmedabad,3-BHK,2018-11-01,100.88,181.9089723
Ahmedabad,3-BHK,2018-12-01,101.5,153.3133078
Ahmedabad,3-BHK,2019-01-01,102.05,174.9367041
Ahmedabad,3-BHK,2019-02-01,102.78,149.6241504
Ahmedabad,3-BHK,2019-03-01,104.6,159.0551011
Ahmedabad,3-BHK,2019-04-01,104.62,177.8814365
Ahmedabad,3-BHK,2019-05-01,105.67,150.1775032
Ahmedabad,3-BHK,2019-06-01,105.2,142.926499
Ahmedabad,3-BHK,2019-07-01,107.19,208.5037836
Ahmedabad,3-BHK,2019-08-01,107.86,146.9002702
Ahmedabad,3-BHK,2019-09-01,108.25,137.2058699
Ahmedabad,3-BHK,2019-10-01,110.31,179.1666063
Ahmedabad,3-BHK,2019-11-01,109.58,123.6550283
Ahmedabad,3-BHK,2019-12-01,110.02,132.9078311
Ahmedabad,3-BHK,2020-01-01,111.13,178.4020172
Ahmedabad,3-BHK,2020-02-01,112.57,129.2411795
Ahmedabad,3-BHK,2020-03-01,114.48,114.6578247
Ahmedabad,3-BHK,2020-04-01,116.76,19.37141875
Ahmedabad,3-BHK,2020-05-01,117.31,36.07317948
Ahmedabad,3-BHK,2020-06-01,117.48,57.66082595
Ahmedabad,3-BHK,2020-07-01,116.34,93.32622683
Ahmedabad,3-BHK,2020-08-01,115.36,90.38517778
Ahmedabad,3-BHK,2020-09-01,117.87,76.97397269
Ahmedabad,3-BHK,2020-10-01,117.42,71.06066223
Ahmedabad,3-BHK,2020-11-01,119.12,64.24435066
Ahmedabad,3-BHK,2020-12-01,119.43,63.47172715
Bangalore,3-BHK,2017-01-01,100.0,100.0
Bangalore,3-BHK,2017-02-01,99.48,90.38568287
Bangalore,3-BHK,2017-03-01,99.28,105.2006682
Bangalore,3-BHK,2017-04-01,98.99,100.3543148
Bangalore,3-BHK,2017-05-01,99.48,101.57102
Bangalore,3-BHK,2017-06-01,100.35,106.0293039
Bangalore,3-BHK,2017-07-01,100.74,98.17687157
Bangalore,3-BHK,2017-08-01,100.68,61.05498339
Bangalore,3-BHK,2017-09-01,100.86,138.0643432
Bangalore,3-BHK,2017-10-01,100.85,90.57350587
Bangalore,3-BHK,2017-11-01,101.07,98.38711986
Bangalore,3-BHK,2017-12-01,102.37,93.29767474
Bangalore,3-BHK,2018-01-01,101.04,280.0164682
Bangalore,3-BHK,2018-02-01,102.9,135.2204335
Bangalore,3-BHK,2018-03-01,102.48,148.1510278
Bangalore,3-BHK,2018-04-01,102.65,139.2643652
Bangalore,3-BHK,2018-05-01,103.07,120.4525372
Bangalore,3-BHK,2018-06-01,104.93,115.7942092
Bangalore,3-BHK,2018-07-01,104.08,120.4200298
Bangalore,3-BHK,2018-08-01,104.86,115.9820599
Bangalore,3-BHK,2018-09-01,105.21,109.133238
Bangalore,3-BHK,2018-10-01,104.61,123.8033495
Bangalore,3-BHK,2018-11-01,104.0,103.3705833
Bangalore,3-BHK,2018-12-01,104.41,100.145724
Bangalore,3-BHK,2019-01-01,104.54,126.858083
Bangalore,3-BHK,2019-02-01,104.34,109.1360086
Bangalore,3-BHK,2019-03-01,104.05,95.55493594
Bangalore,3-BHK,2019-04-01,104.87,119.7423608
Bangalore,3-BHK,2019-05-01,105.36,105.7696105
Bangalore,3-BHK,2019-06-01,106.0,114.9238004
Bangalore,3-BHK,2019-07-01,105.56,111.0812877
Bangalore,3-BHK,2019-08-01,106.56,98.85634592
Bangalore,3-BHK,2019-09-01,107.08,95.04554568
Bangalore,3-BHK,2019-10-01,107.18,92.65585321
Bangalore,3-BHK,2019-11-01,107.84,85.60956878
Bangalore,3-BHK,2019-12-01,108.82,82.54976922
Bangalore,3-BHK,2020-01-01,107.68,147.4258793
Bangalore,3-BHK,2020-02-01,108.41,108.8575525
Bangalore,3-BHK,2020-03-01,109.16,98.94117085
Bangalore,3-BHK,2020-04-01,108.23,19.19193806
Bangalore,3-BHK,2020-05-01,108.59,29.3902858
Bangalore,3-BHK,2020-06-01,108.21,39.33994469
Bangalore,3-BHK,2020-07-01,110.04,57.48333031
Bangalore,3-BHK,2020-08-01,110.5,56.04339747
Bangalore,3-BHK,2020-09-01,110.54,57.09116407
Bangalore,3-BHK,2020-10-01,112.1,97.75391237
Bangalore,3-BHK,2020-11-01,111.29,81.81893399
Bangalore,3-BHK,2020-12-01,111.53,74.91061177
Chennai,3-BHK,2017-01-01,100.0,100.0
Chennai,3-BHK,2017-02-01,100.11,93.18880449
Chennai,3-BHK,2017-03-01,101.02,112.5264571
Chennai,3-BHK,2017-04-01,100.6,105.1334744
Chennai,3-BHK,2017-05-01,99.02,97.40741711
Chennai,3-BHK,2017-06-01,100.11,110.6554747
Chennai,3-BHK,2017-07-01,99.68,87.92609874
Chennai,3-BHK,2017-08-01,99.24,82.34470159
Chennai,3-BHK,2017-09-01,99.86,88.00435883
Chennai,3-BHK,2017-10-01,99.29,80.97508707
Chennai,3-BHK,2017-11-01,99.09,104.0961362
Chennai,3-BHK,2017-12-01,99.31,92.2476078
Chennai,3-BHK,2018-01-01,99.64,224.9909529
Chennai,3-BHK,2018-02-01,100.87,108.475835
Chennai,3-BHK,2018-03-01,101.48,103.0565426
Chennai,3-BHK,2018-04-01,100.01,122.7097613
Chennai,3-BHK,2018-05-01,99.52,86.00768194
Chennai,3-BHK,2018-06-01,99.76,92.29656925
Chennai,3-BHK,2018-07-01,99.73,107.9663016
Chennai,3-BHK,2018-08-01,99.69,102.5241006
Chennai,3-BHK,2018-09-01,99.56,94.24180344
Chennai,3-BHK,2018-10-01,100.21,118.8726201
Chennai,3-BHK,2018-11-01,100.08,90.24864734
Chennai,3-BHK,2018-12-01,100.7,86.2384005
Chennai,3-BHK,2019-01-01,99.35,103.4535909
Chennai,3-BHK,2019-02-01,99.57,90.71153732
Chennai,3-BHK,2019-03-01,99.73,98.42158969
Chennai,3-BHK,2019-04-01,98.84,115.8832688
Chennai,3-BHK,2019-05-01,100.42,87.55391801
Chennai,3-BHK,2019-06-01,100.45,87.7868142
Chennai,3-BHK,2019-07-01,100.5,114.4953273
Chennai,3-BHK,2019-08-01,100.22,86.85599591
Chennai,3-BHK,2019-09-01,100.63,123.4653394
Chennai,3-BHK,2019-10-01,100.6,101.5031256
Chennai,3-BHK,2019-11-01,101.08,84.60765939
Chennai,3-BHK,2019-12-01,101.29,87.48648443
Chennai,3-BHK,2020-01-01,100.71,120.9060175
Chennai,3-BHK,2020-02-01,100.83,90.68144318
Chennai,3-BHK,2020-03-01,101.85,91.83876503
Chennai,3-BHK,2020-04-01,102.09,16.30199317
Chennai,3-BHK,2020-05-01,102.58,29.34650188
Chennai,3-BHK,2020-06-01,100.94,45.19110984
Chennai,3-BHK,2020-07-01,101.75,60.83184262
Chennai,3-BHK,2020-08-01,102.23,71.74852209
Chennai,3-BHK,2020-09-01,102.24,62.3294016
Chennai,3-BHK,2020-10-01,99.99,89.823874
Chennai,3-BHK,2020-11-01,101.78,98.68029794
Chennai,3-BHK,2020-12-01,101.99,79.82968093
Hyderabad,3-BHK,2017-01-01,100.0,100.0
Hyderabad,3-BHK,2017-02-01,100.38,95.28883411
Hyderabad,3-BHK,2017-03-01,101.07,103.8142636
Hyderabad,3-BHK,2017-04-01,101.23,99.29130462
Hyderabad,3-BHK,2017-05-01,101.33,96.45315012
Hyderabad,3-BHK,2017-06-01,100.41,99.23801922
Hyderabad,3-BHK,2017-07-01,101.19,86.17777893
Hyderabad,3-BHK,2017-08-01,102.84,83.95409384
Hyderabad,3-BHK,2017-09-01,103.78,81.77462295
Hyderabad,3-BHK,2017-10-01,104.11,77.19768577
Hyderabad,3-BHK,2017-11-01,105.38,78.06844301
Hyderabad,3-BHK,2017-12-01,106.34,96.38721309
Hyderabad,3-BHK,2018-01-01,107.06,194.8264493
Hyderabad,3-BHK,2018-02-01,107.87,128.8552767
Hyderabad,3-BHK,2018-03-01,110.72,111.4049767
Hyderabad,3-BHK,2018-04-01,112.06,131.1951148
Hyderabad,3-BHK,2018-05-01,111.3,105.9961101
Hyderabad,3-BHK,2018-06-01,110.88,110.0360465
Hyderabad,3-BHK,2018-07-01,112.54,138.4859654
Hyderabad,3-BHK,2018-08-01,112.91,140.2900675
Hyderabad,3-BHK,2018-09-01,114.65,126.465516
Hyderabad,3-BHK,2018-10-01,116.9,136.4320126
Hyderabad,3-BHK,2018-11-01,117.16,129.8212695
Hyderabad,3-BHK,2018-12-01,119.3,123.6280673
Hyderabad,3-BHK,2019-01-01,121.66,126.3901112
Hyderabad,3-BHK,2019-02-01,122.48,116.0920198
Hyderabad,3-BHK,2019-03-01,123.44,196.5688094
Hyderabad,3-BHK,2019-04-01,124.79,163.2929626
Hyderabad,3-BHK,2019-05-01,127.63,115.6783484
Hyderabad,3-BHK,2019-06-01,128.62,113.9266029
Hyderabad,3-BHK,2019-07-01,131.22,140.155282
Hyderabad,3-BHK,2019-08-01,130.42,117.1892327
Hyderabad,3-BHK,2019-09-01,131.37,115.9018943
Hyderabad,3-BHK,2019-10-01,131.67,185.796198
Hyderabad,3-BHK,2019-11-01,133.55,110.3084979
Hyderabad,3-BHK,2019-12-01,132.13,100.0286375
Hyderabad,3-BHK,2020-01-01,133.67,116.2528946
Hyderabad,3-BHK,2020-02-01,134.93,92.50761417
Hyderabad,3-BHK,2020-03-01,135.46,85.36385968
Hyderabad,3-BHK,2020-04-01,136.94,18.59657187
Hyderabad,3-BHK,2020-05-01,137.51,22.98657739
Hyderabad,3-BHK,2020-06-01,135.14,31.84902416
Hyderabad,3-BHK,2020-07-01,136.33,61.39053403
Hyderabad,3-BHK,2020-08-01,137.92,63.69449276
Hyderabad,3-BHK,2020-09-01,137.82,60.5998767
Hyderabad,3-BHK,2020-10-01,140.3,126.0803268
Hyderabad,3-BHK,2020-11-01,140.48,126.6161116
Hyderabad,3-BHK,2020-12-01,139.99,88.84208059
India,3-BHK,2017-01-01,100.0,100.0
India,3-BHK,2017-02-01,99.78,97.44706967
India,3-BHK,2017-03-01,100.28,104.3779994
India,3-BHK,2017-04-01,100.26,107.5363559
India,3-BHK,2017-05-01,100.21,102.211229
India,3-BHK,2017-06-01,100.71,107.9858727
India,3-BHK,2017-07-01,101.24,104.024998
India,3-BHK,2017-08-01,101.12,102.1492344
India,3-BHK,2017-09-01,101.42,112.6992964
India,3-BHK,2017-10-01,101.37,97.37951752
India,3-BHK,2017-11-01,101.94,99.200048
India,3-BHK,2017-12-01,102.49,101.6417253
India,3-BHK,2018-01-01,102.38,255.0227274
India,3-BHK,2018-02-01,103.11,126.803576
India,3-BHK,2018-03-01,103.53,131.0389455
India,3-BHK,2018-04-01,103.75,134.8024299
India,3-BHK,2018-05-01,104.08,111.300748
India,3-BHK,2018-06-01,104.66,111.7951124
India,3-BHK,2018-07-01,104.35,125.425243
India,3-BHK,2018-08-01,104.77,116.2800115
India,3-BHK,2018-09-01,104.89,117.4295873
India,3-BHK,2018-10-01,105.65,131.2952737
India,3-BHK,2018-11-01,105.55,113.0893682
India,3-BHK,2018-12-01,105.9,111.9749199
India,3-BHK,2019-01-01,106.58,130.264322
India,3-BHK,2019-02-01,106.85,108.1201917
India,3-BHK,2019-03-01,106.75,121.4032316
India,3-BHK,2019-04-01,107.12,130.6402229
India,3-BHK,2019-05-01,108.33,109.6789558
India,3-BHK,2019-06-01,108.5,114.7459807
India,3-BHK,2019-07-01,109.0,131.3717154
India,3-BHK,2019-08-01,109.1,106.846282
India,3-BHK,2019-09-01,109.51,105.0924006
India,3-BHK,2019-10-01,109.3,117.4160525
India,3-BHK,2019-11-01,110.24,98.8913097
India,3-BHK,2019-12-01,109.76,94.82427745
India,3-BHK,2020-01-01,109.81,132.0412111
India,3-BHK,2020-02-01,110.44,99.06384829
India,3-BHK,2020-03-01,111.02,93.89186278
India,3-BHK,2020-04-01,111.49,17.73974625
India,3-BHK,2020-05-01,111.82,27.76067787
India,3-BHK,2020-06-01,111.37,36.31026393
India,3-BHK,2020-07-01,111.56,54.03975476
India,3-BHK,2020-08-01,111.13,55.20099838
India,3-BHK,2020-09-01,111.63,52.95736773
India,3-BHK,2020-10-01,112.63,84.5890401
India,3-BHK,2020-11-01,112.72,87.91697973
India,3-BHK,2020-12-01,112.7,68.79178294
Kolkata,3-BHK,2017-01-01,100.0,100.0
Kolkata,3-BHK,2017-02-01,98.97,100.9161583
Kolkata,3-BHK,2017-03-01,101.11,89.60603856
Kolkata,3-BHK,2017-04-01,100.42,95.07504135
Kolkata,3-BHK,2017-05-01,101.12,120.9745128
Kolkata,3-BHK,2017-06-01,101.24,125.5584619
Kolkata,3-BHK,2017-07-01,102.77,106.9473899
Kolkata,3-BHK,2017-08-01,102.34,105.7085437
Kolkata,3-BHK,2017-09-01,103.55,86.71767412
Kolkata,3-BHK,2017-10-01,102.14,99.68650122
Kolkata,3-BHK,2017-11-01,104.34,85.49376597
Kolkata,3-BHK,2017-12-01,104.26,102.0702874
Kolkata,3-BHK,2018-01-01,103.11,208.1759072
Kolkata,3-BHK,2018-02-01,105.38,108.5826155
Kolkata,3-BHK,2018-03-01,103.82,112.1385214
Kolkata,3-BHK,2018-04-01,104.92,93.51842232
Kolkata,3-BHK,2018-05-01,104.73,86.11859218
Kolkata,3-BHK,2018-06-01,106.4,92.41588014
Kolkata,3-BHK,2018-07-01,106.18,103.4183662
Kolkata,3-BHK,2018-08-01,104.23,105.3567146
Kolkata,3-BHK,2018-09-01,104.03,91.13529841
Kolkata,3-BHK,2018-10-01,104.71,96.10187262
Kolkata,3-BHK,2018-11-01,105.86,89.57929065
Kolkata,3-BHK,2018-12-01,103.33,82.52054791
Kolkata,3-BHK,2019-01-01,103.42,111.5077071
Kolkata,3-BHK,2019-02-01,104.62,86.48082556
Kolkata,3-BHK,2019-03-01,107.36,206.4051782
Kolkata,3-BHK,2019-04-01,107.62,99.93431108
Kolkata,3-BHK,2019-05-01,108.27,86.13020723
Kolkata,3-BHK,2019-06-01,108.84,164.5964698
Kolkata,3-BHK,2019-07-01,109.53,79.32221537
Kolkata,3-BHK,2019-08-01,110.46,90.46164949
Kolkata,3-BHK,2019-09-01,112.24,73.59839989
Kolkata,3-BHK,2019-10-01,110.98,82.34313925
Kolkata,3-BHK,2019-11-01,112.37,71.50714646
Kolkata,3-BHK,2019-12-01,110.05,71.63441477
Kolkata,3-BHK,2020-01-01,112.41,82.22364199
Kolkata,3-BHK,2020-02-01,112.12,69.17820316
Kolkata,3-BHK,2020-03-01,112.88,70.34125448
Kolkata,3-BHK,2020-04-01,113.84,27.32776615
Kolkata,3-BHK,2020-05-01,115.6,34.00066322
Kolkata,3-BHK,2020-06-01,114.72,52.3484064
Kolkata,3-BHK,2020-07-01,114.93,72.81676974
Kolkata,3-BHK,2020-08-01,114.66,76.61963834
Kolkata,3-BHK,2020-09-01,113.89,70.26008339
Kolkata,3-BHK,2020-10-01,112.2,80.05764246
Kolkata,3-BHK,2020-11-01,113.09,86.83658166
Kolkata,3-BHK,2020-12-01,111.83,66.0537191
Mumbai,3-BHK,2017-01-01,100.0,100.0
Mumbai,3-BHK,2017-02-01,99.97,101.8724097
Mumbai,3-BHK,2017-03-01,100.38,99.10758849
Mumbai,3-BHK,2017-04-01,100.75,113.2527878
Mumbai,3-BHK,2017-05-01,100.03,101.6093395
Mumbai,3-BHK,2017-06-01,101.5,106.5293614
Mumbai,3-BHK,2017-07-01,101.98,108.3834257
Mumbai,3-BHK,2017-08-01,101.57,130.8666115
Mumbai,3-BHK,2017-09-01,101.75,115.0013007
Mumbai,3-BHK,2017-10-01,101.75,104.5617069
Mumbai,3-BHK,2017-11-01,102.41,105.8954328
Mumbai,3-BHK,2017-12-01,102.94,105.0486907
Mumbai,3-BHK,2018-01-01,103.42,264.4460297
Mumbai,3-BHK,2018-02-01,103.94,119.722491
Mumbai,3-BHK,2018-03-01,104.15,124.8763717
Mumbai,3-BHK,2018-04-01,104.33,123.9241161
Mumbai,3-BHK,2018-05-01,105.43,104.5124372
Mumbai,3-BHK,2018-06-01,105.73,102.8943278
Mumbai,3-BHK,2018-07-01,104.82,113.3042988
Mumbai,3-BHK,2018-08-01,105.92,102.9471807
Mumbai,3-BHK,2018-09-01,105.09,114.7219014
Mumbai,3-BHK,2018-10-01,106.67,132.9727095
Mumbai,3-BHK,2018-11-01,106.5,107.1206997
Mumbai,3-BHK,2018-12-01,105.59,108.2337053
Mumbai,3-BHK,2019-01-01,106.59,130.5600805
Mumbai,3-BHK,2019-02-01,107.27,98.70727791
Mumbai,3-BHK,2019-03-01,106.14,88.97171666
Mumbai,3-BHK,2019-04-01,106.01,123.1026627
Mumbai,3-BHK,2019-05-01,107.65,107.7904557
Mumbai,3-BHK,2019-06-01,107.58,103.465546
Mumbai,3-BHK,2019-07-01,108.38,128.0392476
Mumbai,3-BHK,2019-08-01,108.2,95.76768473
Mumbai,3-BHK,2019-09-01,108.48,93.9285923
Mumbai,3-BHK,2019-10-01,107.0,102.7763941
Mumbai,3-BHK,2019-11-01,108.65,98.09884487
Mumbai,3-BHK,2019-12-01,107.41,89.7693768
Mumbai,3-BHK,2020-01-01,106.84,125.6336851
Mumbai,3-BHK,2020-02-01,107.23,90.47965207
Mumbai,3-BHK,2020-03-01,107.7,86.09858904
Mumbai,3-BHK,2020-04-01,106.84,9.560386672
Mumbai,3-BHK,2020-05-01,106.78,21.77300697
Mumbai,3-BHK,2020-06-01,107.33,24.51961927
Mumbai,3-BHK,2020-07-01,106.81,33.44213207
Mumbai,3-BHK,2020-08-01,105.19,31.10482147
Mumbai,3-BHK,2020-09-01,105.72,32.60665941
Mumbai,3-BHK,2020-10-01,107.23,71.54699211
Mumbai,3-BHK,2020-11-01,106.15,77.20144622
Mumbai,3-BHK,2020-12-01,106.71,55.99278038
NCR,3-BHK,2017-01-01,100.0,100.0
NCR,3-BHK,2017-02-01,99.04,108.750536
NCR,3-BHK,2017-03-01,98.98,117.2635337
NCR,3-BHK,2017-04-01,98.83,110.8969008
NCR,3-BHK,2017-05-01,98.46,96.62598754
NCR,3-BHK,2017-06-01,97.68,108.6184683
NCR,3-BHK,2017-07-01,97.32,127.7637687
NCR,3-BHK,2017-08-01,96.99,102.3873193
NCR,3-BHK,2017-09-01,96.8,134.4831484
NCR,3-BHK,2017-10-01,95.72,128.9432784
NCR,3-BHK,2017-11-01,96.48,126.3559968
NCR,3-BHK,2017-12-01,96.46,130.6674803
NCR,3-BHK,2018-01-01,95.89,316.3265542
NCR,3-BHK,2018-02-01,95.24,185.2942519
NCR,3-BHK,2018-03-01,95.82,193.204957
NCR,3-BHK,2018-04-01,95.77,220.6157185
NCR,3-BHK,2018-05-01,96.49,175.7157841
NCR,3-BHK,2018-06-01,96.28,179.467355
NCR,3-BHK,2018-07-01,96.53,206.1006136
NCR,3-BHK,2018-08-01,96.82,167.5786807
NCR,3-BHK,2018-09-01,96.87,174.7015934
NCR,3-BHK,2018-10-01,96.92,154.7521493
NCR,3-BHK,2018-11-01,96.81,135.7328563
NCR,3-BHK,2018-12-01,98.54,141.3022209
NCR,3-BHK,2019-01-01,98.06,133.7818237
NCR,3-BHK,2019-02-01,97.01,136.5716079
NCR,3-BHK,2019-03-01,97.06,143.0577596
NCR,3-BHK,2019-04-01,97.37,129.5429481
NCR,3-BHK,2019-05-01,97.93,115.5324606
NCR,3-BHK,2019-06-01,96.39,141.960645
NCR,3-BHK,2019-07-01,94.65,186.3425641
NCR,3-BHK,2019-08-01,93.9,161.6930672
NCR,3-BHK,2019-09-01,94.3,137.802958
NCR,3-BHK,2019-10-01,94.99,126.9508397
NCR,3-BHK,2019-11-01,94.86,133.64379
NCR,3-BHK,2019-12-01,95.06,117.5427402
NCR,3-BHK,2020-01-01,94.92,122.1278753
NCR,3-BHK,2020-02-01,95.73,102.6039893
NCR,3-BHK,2020-03-01,95.58,90.47548079
NCR,3-BHK,2020-04-01,98.81,18.38887629
NCR,3-BHK,2020-05-01,98.68,24.87629111
NCR,3-BHK,2020-06-01,97.95,35.46954386
NCR,3-BHK,2020-07-01,96.45,59.10463153
NCR,3-BHK,2020-08-01,95.08,85.62840929
NCR,3-BHK,2020-09-01,97.84,74.64077055
NCR,3-BHK,2020-10-01,99.0,53.3922628
NCR,3-BHK,2020-11-01,100.32,61.49992535
NCR,3-BHK,2020-12-01,100.08,49.33948217
Pune,3-BHK,2017-01-01,100.0,100.0
Pune,3-BHK,2017-02-01,100.0,89.46801233
Pune,3-BHK,2017-03-01,100.81,105.0696325
Pune,3-BHK,2017-04-01,100.66,104.4863982
Pune,3-BHK,2017-05-01,101.57,96.28453035
Pune,3-BHK,2017-06-01,102.21,97.34108909
Pune,3-BHK,2017-07-01,103.07,115.9145265
Pune,3-BHK,2017-08-01,102.07,110.6621651
Pune,3-BHK,2017-09-01,102.16,106.7150452
Pune,3-BHK,2017-10-01,103.22,93.11522932
Pune,3-BHK,2017-11-01,102.4,84.61765987
Pune,3-BHK,2017-12-01,102.9,101.7952076
Pune,3-BHK,2018-01-01,103.11,301.9598131
Pune,3-BHK,2018-02-01,103.01,112.7386855
Pune,3-BHK,2018-03-01,103.28,128.2150873
Pune,3-BHK,2018-04-01,102.89,137.9350612
Pune,3-BHK,2018-05-01,103.32,101.6038938
Pune,3-BHK,2018-06-01,104.0,112.1471274
Pune,3-BHK,2018-07-01,102.61,132.5851403
Pune,3-BHK,2018-08-01,102.35,111.0087773
Pune,3-BHK,2018-09-01,103.76,117.6453639
Pune,3-BHK,2018-10-01,103.87,143.881128
Pune,3-BHK,2018-11-01,103.64,118.7886643
Pune,3-BHK,2018-12-01,105.71,135.0593044
Pune,3-BHK,2019-01-01,106.82,154.2782286
Pune,3-BHK,2019-02-01,106.16,121.9112817
Pune,3-BHK,2019-03-01,105.22,122.0981561
Pune,3-BHK,2019-04-01,106.35,150.0417991
Pune,3-BHK,2019-05-01,105.91,129.9169096
Pune,3-BHK,2019-06-01,106.78,117.5794458
Pune,3-BHK,2019-07-01,106.25,148.3648425
Pune,3-BHK,2019-08-01,107.07,123.5773264
Pune,3-BHK,2019-09-01,106.32,124.8852067
Pune,3-BHK,2019-10-01,107.22,126.5160957
Pune,3-BHK,2019-11-01,107.18,109.7464686
Pune,3-BHK,2019-12-01,107.41,121.8726919
Pune,3-BHK,2020-01-01,108.02,183.163647
Pune,3-BHK,2020-02-01,108.64,136.9668456
Pune,3-BHK,2020-03-01,108.75,141.3011325
Pune,3-BHK,2020-04-01,110.81,38.49236103
Pune,3-BHK,2020-05-01,111.31,47.79590961
Pune,3-BHK,2020-06-01,110.89,54.25922792
Pune,3-BHK,2020-07-01,111.28,73.14756025
Pune,3-BHK,2020-08-01,111.08,64.9517761
Pune,3-BHK,2020-09-01,110.85,64.26897804
Pune,3-BHK,2020-10-01,111.86,79.32543492
Pune,3-BHK,2020-11-01,113.34,112.6620434
Pune,3-BHK,2020-12-01,112.14,89.3889608
Ahmedabad,ALL,2017-01-01,100.0,100.0
Ahmedabad,ALL,2017-02-01,99.68,111.008237
Ahmedabad,ALL,2017-03-01,100.13,122.752818
Ahmedabad,ALL,2017-04-01,99.15,141.3509992
Ahmedabad,ALL,2017-05-01,99.62,131.5146354
Ahmedabad,ALL,2017-06-01,99.11,139.8885466
Ahmedabad,ALL,2017-07-01,99.99,119.5810506
Ahmedabad,ALL,2017-08-01,100.02,99.84414489
Ahmedabad,ALL,2017-09-01,99.52,119.0853613
Ahmedabad,ALL,2017-10-01,99.83,96.60380907
Ahmedabad,ALL,2017-11-01,100.29,99.72328686
Ahmedabad,ALL,2017-12-01,100.67,89.92590268
Ahmedabad,ALL,2018-01-01,99.96,169.3357866
Ahmedabad,ALL,2018-02-01,99.99,131.2513434
Ahmedabad,ALL,2018-03-01,100.0,142.4121409
Ahmedabad,ALL,2018-04-01,101.0,163.3008529
Ahmedabad,ALL,2018-05-01,100.71,138.7936056
Ahmedabad,ALL,2018-06-01,101.63,129.8092078
Ahmedabad,ALL,2018-07-01,101.2,130.7884548
Ahmedabad,ALL,2018-08-01,101.72,124.545934
Ahmedabad,ALL,2018-09-01,101.1,124.6388326
Ahmedabad,ALL,2018-10-01,101.0,130.2943872
Ahmedabad,ALL,2018-11-01,101.57,149.8691994
Ahmedabad,ALL,2018-12-01,102.68,139.2052205
Ahmedabad,ALL,2019-01-01,103.27,164.7049182
Ahmedabad,ALL,2019-02-01,104.11,151.5752675
Ahmedabad,ALL,2019-03-01,105.2,142.4476957
Ahmedabad,ALL,2019-04-01,105.36,179.6697861
Ahmedabad,ALL,2019-05-01,106.34,137.7732142
Ahmedabad,ALL,2019-06-01,106.32,130.8214674
Ahmedabad,ALL,2019-07-01,106.96,229.5415825
Ahmedabad,ALL,2019-08-01,108.52,142.2829623
Ahmedabad,ALL,2019-09-01,108.85,130.6449127
Ahmedabad,ALL,2019-10-01,109.82,153.7696249
Ahmedabad,ALL,2019-11-01,109.32,123.9082276
Ahmedabad,ALL,2019-12-01,109.99,124.1688921
Ahmedabad,ALL,2020-01-01,110.99,164.3967694
Ahmedabad,ALL,2020-02-01,112.03,112.7357865
Ahmedabad,ALL,2020-03-01,113.09,101.0025932
Ahmedabad,ALL,2020-04-01,114.65,16.57449077
Ahmedabad,ALL,2020-05-01,114.81,28.94792585
Ahmedabad,ALL,2020-06-01,114.93,43.70743103
Ahmedabad,ALL,2020-07-01,114.68,71.23978413
Ahmedabad,ALL,2020-08-01,115.82,74.60957293
Ahmedabad,ALL,2020-09-01,116.88,65.72257907
Ahmedabad,ALL,2020-10-01,118.38,68.44469928
Ahmedabad,ALL,2020-11-01,118.75,58.62791865
Ahmedabad,ALL,2020-12-01,119.49,54.54061495
Bangalore,ALL,2017-01-01,100.0,100.0
Bangalore,ALL,2017-02-01,99.56,92.16821848
Bangalore,ALL,2017-03-01,99.8,104.8194521
Bangalore,ALL,2017-04-01,99.81,100.7146389
Bangalore,ALL,2017-05-01,99.79,100.5171063
Bangalore,ALL,2017-06-01,100.31,100.3552426
Bangalore,ALL,2017-07-01,101.12,92.50178482
Bangalore,ALL,2017-08-01,101.36,60.97920388
Bangalore,ALL,2017-09-01,101.47,119.8660497
Bangalore,ALL,2017-10-01,101.3,85.66405866
Bangalore,ALL,2017-11-01,101.87,92.52845082
Bangalore,ALL,2017-12-01,102.87,84.19003362
Bangalore,ALL,2018-01-01,102.24,227.4107585
Bangalore,ALL,2018-02-01,102.85,120.68656
Bangalore,ALL,2018-03-01,102.83,136.3478861
Bangalore,ALL,2018-04-01,103.18,138.5177698
Bangalore,ALL,2018-05-01,103.46,115.7902623
Bangalore,ALL,2018-06-01,104.6,110.2472528
Bangalore,ALL,2018-07-01,104.23,123.8499973
Bangalore,ALL,2018-08-01,105.46,120.6709206
Bangalore,ALL,2018-09-01,105.7,112.7157497
Bangalore,ALL,2018-10-01,105.43,115.9554516
Bangalore,ALL,2018-11-01,105.35,107.1789383
Bangalore,ALL,2018-12-01,106.75,112.2843027
Bangalore,ALL,2019-01-01,106.76,125.1346198
Bangalore,ALL,2019-02-01,107.42,111.1377999
Bangalore,ALL,2019-03-01,107.47,100.1351756
Bangalore,ALL,2019-04-01,108.21,119.1747483
Bangalore,ALL,2019-05-01,108.86,105.4558367
Bangalore,ALL,2019-06-01,109.43,110.1419424
Bangalore,ALL,2019-07-01,108.91,110.0887854
Bangalore,ALL,2019-08-01,109.84,102.8777
Bangalore,ALL,2019-09-01,111.0,101.0421198
Bangalore,ALL,2019-10-01,111.02,97.24514831
Bangalore,ALL,2019-11-01,111.2,87.01069173
Bangalore,ALL,2019-12-01,112.83,89.75738819
Bangalore,ALL,2020-01-01,112.12,141.6620926
Bangalore,ALL,2020-02-01,113.15,107.5990064
Bangalore,ALL,2020-03-01,113.23,92.13393916
Bangalore,ALL,2020-04-01,112.8,23.12499616
Bangalore,ALL,2020-05-01,112.66,31.3764804
Bangalore,ALL,2020-06-01,112.82,43.81428712
Bangalore,ALL,2020-07-01,113.99,59.80640828
Bangalore,ALL,2020-08-01,114.15,60.6016163
Bangalore,ALL,2020-09-01,114.2,56.03235596
Bangalore,ALL,2020-10-01,115.28,95.84265565
Bangalore,ALL,2020-11-01,115.02,88.94478318
Bangalore,ALL,2020-12-01,115.41,77.84210091
Chennai,ALL,2017-01-01,100.0,100.0
Chennai,ALL,2017-02-01,100.5,99.09801884
Chennai,ALL,2017-03-01,100.44,114.1412675
Chennai,ALL,2017-04-01,100.89,111.4077534
Chennai,ALL,2017-05-01,100.09,101.7129496
Chennai,ALL,2017-06-01,100.5,109.1226404
Chennai,ALL,2017-07-01,100.3,88.68655511
Chennai,ALL,2017-08-01,100.51,77.06285054
Chennai,ALL,2017-09-01,100.84,81.41391602
Chennai,ALL,2017-10-01,100.48,73.12611831
Chennai,ALL,2017-11-01,100.66,88.85403214
Chennai,ALL,2017-12-01,100.57,80.88374896
Chennai,ALL,2018-01-01,101.0,204.8406195
Chennai,ALL,2018-02-01,101.55,104.1233827
Chennai,ALL,2018-03-01,102.29,112.6878254
Chennai,ALL,2018-04-01,101.37,130.5513739
Chennai,ALL,2018-05-01,101.33,87.72072752
Chennai,ALL,2018-06-01,101.46,106.8581314
Chennai,ALL,2018-07-01,101.42,108.5556571
Chennai,ALL,2018-08-01,101.62,100.411104
Chennai,ALL,2018-09-01,101.77,89.44491778
Chennai,ALL,2018-10-01,102.3,111.5448744
Chennai,ALL,2018-11-01,102.41,89.88066752
Chennai,ALL,2018-12-01,102.76,82.4475765
Chennai,ALL,2019-01-01,101.7,103.8772488
Chennai,ALL,2019-02-01,102.02,96.3030867
Chennai,ALL,2019-03-01,102.19,110.5406903
Chennai,ALL,2019-04-01,101.37,122.6579167
Chennai,ALL,2019-05-01,102.58,92.09154111
Chennai,ALL,2019-06-01,102.42,86.16932227
Chennai,ALL,2019-07-01,102.92,111.9897772
Chennai,ALL,2019-08-01,102.77,87.55263316
Chennai,ALL,2019-09-01,103.58,106.5126726
Chennai,ALL,2019-10-01,103.48,93.87947345
Chennai,ALL,2019-11-01,103.94,89.82151591
Chennai,ALL,2019-12-01,104.09,88.95492506
Chennai,ALL,2020-01-01,103.73,108.0154942
Chennai,ALL,2020-02-01,103.76,95.47888737
Chennai,ALL,2020-03-01,104.34,82.0932622
Chennai,ALL,2020-04-01,104.52,18.9322165
Chennai,ALL,2020-05-01,104.38,31.94967316
Chennai,ALL,2020-06-01,104.52,49.39792818
Chennai,ALL,2020-07-01,104.27,60.34162706
Chennai,ALL,2020-08-01,104.64,66.10940777
Chennai,ALL,2020-09-01,105.28,63.65505249
Chennai,ALL,2020-10-01,104.07,85.91878984
Chennai,ALL,2020-11-01,105.21,87.57831512
Chennai,ALL,2020-12-01,105.21,73.46509437
Hyderabad,ALL,2017-01-01,100.0,100.0
Hyderabad,ALL,2017-02-01,100.5,212.8599291
Hyderabad,ALL,2017-03-01,101.27,115.2911675
Hyderabad,ALL,2017-04-01,101.79,114.634009
Hyderabad,ALL,2017-05-01,102.14,102.4140184
Hyderabad,ALL,2017-06-01,101.77,104.3581109
Hyderabad,ALL,2017-07-01,102.71,85.92357634
Hyderabad,ALL,2017-08-01,104.7,80.41332313
Hyderabad,ALL,2017-09-01,105.31,78.38987398
Hyderabad,ALL,2017-10-01,106.15,77.0406623
Hyderabad,ALL,2017-11-01,107.85,85.91480771
Hyderabad,ALL,2017-12-01,108.61,99.58960463
Hyderabad,ALL,2018-01-01,109.74,175.395699
Hyderabad,ALL,2018-02-01,110.41,125.4455851
Hyderabad,ALL,2018-03-01,112.44,111.8532647
Hyderabad,ALL,2018-04-01,114.21,130.4316394
Hyderabad,ALL,2018-05-01,113.51,113.0317929
Hyderabad,ALL,2018-06-01,113.45,115.0544238
Hyderabad,ALL,2018-07-01,115.07,134.8527992
Hyderabad,ALL,2018-08-01,116.32,131.6907218
Hyderabad,ALL,2018-09-01,117.92,123.556258
Hyderabad,ALL,2018-10-01,119.84,134.965481
Hyderabad,ALL,2018-11-01,120.12,123.9238354
Hyderabad,ALL,2018-12-01,122.09,120.9828314
Hyderabad,ALL,2019-01-01,123.94,134.3267667
Hyderabad,ALL,2019-02-01,124.53,120.1030864
Hyderabad,ALL,2019-03-01,126.23,206.1955672
Hyderabad,ALL,2019-04-01,127.38,170.3494738
Hyderabad,ALL,2019-05-01,129.86,121.0331896
Hyderabad,ALL,2019-06-01,130.37,117.1612717
Hyderabad,ALL,2019-07-01,132.3,136.8327984
Hyderabad,ALL,2019-08-01,131.92,121.2945991
Hyderabad,ALL,2019-09-01,132.69,121.5712564
Hyderabad,ALL,2019-10-01,133.37,171.9499665
Hyderabad,ALL,2019-11-01,135.21,110.6709977
Hyderabad,ALL,2019-12-01,134.27,96.18278832
Hyderabad,ALL,2020-01-01,135.49,119.3675401
Hyderabad,ALL,2020-02-01,136.84,91.54525947
Hyderabad,ALL,2020-03-01,137.11,82.37183537
Hyderabad,ALL,2020-04-01,138.23,16.50478403
Hyderabad,ALL,2020-05-01,138.69,24.6442972
Hyderabad,ALL,2020-06-01,137.55,29.09541957
Hyderabad,ALL,2020-07-01,138.53,60.28990213
Hyderabad,ALL,2020-08-01,140.95,57.64337893
Hyderabad,ALL,2020-09-01,140.37,61.22682945
Hyderabad,ALL,2020-10-01,142.26,116.0744106
Hyderabad,ALL,2020-11-01,142.86,127.7734555
Hyderabad,ALL,2020-12-01,142.73,88.16912167
India,ALL,2017-01-01,100.0,100.0
India,ALL,2017-02-01,100.02,102.8920102
India,ALL,2017-03-01,100.39,105.2888067
India,ALL,2017-04-01,100.71,111.2563365
India,ALL,2017-05-01,100.87,100.4764708
India,ALL,2017-06-01,101.23,103.8109333
India,ALL,2017-07-01,101.83,107.00856
India,ALL,2017-08-01,102.17,105.1227228
India,ALL,2017-09-01,102.72,107.3258774
India,ALL,2017-10-01,102.8,97.64003703
India,ALL,2017-11-01,103.16,101.4583603
India,ALL,2017-12-01,103.55,101.1120465
India,ALL,2018-01-01,103.74,203.3756666
India,ALL,2018-02-01,104.11,119.0943577
India,ALL,2018-03-01,104.21,126.6620464
India,ALL,2018-04-01,104.74,133.4502238
India,ALL,2018-05-01,105.03,112.5213513
India,ALL,2018-06-01,105.64,112.1921945
India,ALL,2018-07-01,105.75,122.4703354
India,ALL,2018-08-01,105.95,115.7602619
India,ALL,2018-09-01,106.53,121.2511455
India,ALL,2018-10-01,106.76,137.9204894
India,ALL,2018-11-01,106.9,119.9086204
India,ALL,2018-12-01,107.21,115.9612186
India,ALL,2019-01-01,107.74,131.0012966
India,ALL,2019-02-01,108.12,111.0529491
India,ALL,2019-03-01,108.11,118.2714831
India,ALL,2019-04-01,108.38,136.4973069
India,ALL,2019-05-01,109.01,116.4465773
India,ALL,2019-06-01,109.29,114.112989
India,ALL,2019-07-01,109.49,132.0921676
India,ALL,2019-08-01,109.92,110.4089201
India,ALL,2019-09-01,110.28,105.5557353
India,ALL,2019-10-01,110.06,116.5076847
India,ALL,2019-11-01,110.29,105.9655471
India,ALL,2019-12-01,110.54,102.3779842
India,ALL,2020-01-01,110.33,133.5489416
India,ALL,2020-02-01,110.88,105.5687052
India,ALL,2020-03-01,111.05,95.80581126
India,ALL,2020-04-01,110.95,18.25365705
India,ALL,2020-05-01,111.23,27.47364595
India,ALL,2020-06-01,111.27,33.59252486
India,ALL,2020-07-01,111.64,48.89312091
India,ALL,2020-08-01,111.73,48.70629977
India,ALL,2020-09-01,111.87,45.55451886
India,ALL,2020-10-01,112.29,87.5775948
India,ALL,2020-11-01,112.51,88.29727701
India,ALL,2020-12-01,112.57,67.6686438
Kolkata,ALL,2017-01-01,100.0,100.0
Kolkata,ALL,2017-02-01,99.87,97.74165081
Kolkata,ALL,2017-03-01,101.13,96.56723585
Kolkata,ALL,2017-04-01,100.44,92.69405061
Kolkata,ALL,2017-05-01,101.1,111.7118577
Kolkata,ALL,2017-06-01,101.64,107.3181612
Kolkata,ALL,2017-07-01,102.49,98.74177252
Kolkata,ALL,2017-08-01,102.86,91.57439512
Kolkata,ALL,2017-09-01,103.25,78.25012511
Kolkata,ALL,2017-10-01,101.47,82.94631389
Kolkata,ALL,2017-11-01,104.13,77.88230189
Kolkata,ALL,2017-12-01,104.1,84.78123933
Kolkata,ALL,2018-01-01,103.08,160.6037925
Kolkata,ALL,2018-02-01,104.88,92.92219842
Kolkata,ALL,2018-03-01,104.08,95.62670279
Kolkata,ALL,2018-04-01,104.92,77.29198293
Kolkata,ALL,2018-05-01,104.85,76.99012445
Kolkata,ALL,2018-06-01,106.0,141.0764688
Kolkata,ALL,2018-07-01,106.56,91.17027464
Kolkata,ALL,2018-08-01,104.43,87.31525107
Kolkata,ALL,2018-09-01,104.7,80.85200212
Kolkata,ALL,2018-10-01,104.94,80.70021491
Kolkata,ALL,2018-11-01,105.61,83.04658842
Kolkata,ALL,2018-12-01,104.0,76.28749308
Kolkata,ALL,2019-01-01,104.18,96.48604353
Kolkata,ALL,2019-02-01,105.05,73.67517171
Kolkata,ALL,2019-03-01,106.72,133.7967121
Kolkata,ALL,2019-04-01,107.54,88.03529982
Kolkata,ALL,2019-05-01,108.15,77.78703164
Kolkata,ALL,2019-06-01,108.38,113.574187
Kolkata,ALL,2019-07-01,109.37,74.99480045
Kolkata,ALL,2019-08-01,110.03,80.30252236
Kolkata,ALL,2019-09-01,111.2,67.79607993
Kolkata,ALL,2019-10-01,110.82,76.69485089
Kolkata,ALL,2019-11-01,111.9,69.02024353
Kolkata,ALL,2019-12-01,110.7,68.44655302
Kolkata,ALL,2020-01-01,112.4,81.45310906
Kolkata,ALL,2020-02-01,111.88,65.72942669
Kolkata,ALL,2020-03-01,112.04,66.23841153
Kolkata,ALL,2020-04-01,113.64,26.07187152
Kolkata,ALL,2020-05-01,114.38,35.11966453
Kolkata,ALL,2020-06-01,114.52,52.97592316
Kolkata,ALL,2020-07-01,114.57,70.61544337
Kolkata,ALL,2020-08-01,114.77,74.22212146
Kolkata,ALL,2020-09-01,114.48,63.3420027
Kolkata,ALL,2020-10-01,112.86,77.34302603
Kolkata,ALL,2020-11-01,112.79,71.84987519
Kolkata,ALL,2020-12-01,112.31,55.78722034
Mumbai,ALL,2017-01-01,100.0,100.0
Mumbai,ALL,2017-02-01,100.11,98.74492312
Mumbai,ALL,2017-03-01,100.83,103.3829221
Mumbai,ALL,2017-04-01,101.1,115.264252
Mumbai,ALL,2017-05-01,101.26,101.0431614
Mumbai,ALL,2017-06-01,101.91,104.2925631
Mumbai,ALL,2017-07-01,102.57,105.2905062
Mumbai,ALL,2017-08-01,102.92,119.1660755
Mumbai,ALL,2017-09-01,103.9,111.9359444
Mumbai,ALL,2017-10-01,103.93,101.0232052
Mumbai,ALL,2017-11-01,104.02,107.743667
Mumbai,ALL,2017-12-01,104.58,105.490566
Mumbai,ALL,2018-01-01,105.09,193.1036085
Mumbai,ALL,2018-02-01,105.66,117.3925865
Mumbai,ALL,2018-03-01,105.52,124.5788252
Mumbai,ALL,2018-04-01,105.95,126.4921122
Mumbai,ALL,2018-05-01,106.33,110.9627621
Mumbai,ALL,2018-06-01,107.09,106.186259
Mumbai,ALL,2018-07-01,107.17,111.3991059
Mumbai,ALL,2018-08-01,107.41,108.5235983
Mumbai,ALL,2018-09-01,108.07,119.775098
Mumbai,ALL,2018-10-01,107.93,142.2128817
Mumbai,ALL,2018-11-01,108.26,117.6975945
Mumbai,ALL,2018-12-01,108.15,110.3968299
Mumbai,ALL,2019-01-01,108.89,126.6020698
Mumbai,ALL,2019-02-01,109.26,101.5353052
Mumbai,ALL,2019-03-01,109.02,104.4678723
Mumbai,ALL,2019-04-01,108.86,129.1793557
Mumbai,ALL,2019-05-01,109.71,112.1113059
Mumbai,ALL,2019-06-01,109.93,108.0823491
Mumbai,ALL,2019-07-01,110.22,127.4561154
Mumbai,ALL,2019-08-01,110.53,102.3120434
Mumbai,ALL,2019-09-01,110.77,97.6187763
Mumbai,ALL,2019-10-01,110.19,112.3318811
Mumbai,ALL,2019-11-01,110.42,106.9358538
Mumbai,ALL,2019-12-01,110.45,103.0511157
Mumbai,ALL,2020-01-01,110.06,128.1145181
Mumbai,ALL,2020-02-01,110.49,99.8213894
Mumbai,ALL,2020-03-01,110.48,91.89918408
Mumbai,ALL,2020-04-01,109.55,14.52041359
Mumbai,ALL,2020-05-01,109.79,22.0970612
Mumbai,ALL,2020-06-01,109.9,25.70068017
Mumbai,ALL,2020-07-01,110.27,36.5761568
Mumbai,ALL,2020-08-01,109.86,34.51200674
Mumbai,ALL,2020-09-01,110.22,33.03158365
Mumbai,ALL,2020-10-01,110.81,86.53455532
Mumbai,ALL,2020-11-01,110.81,83.54602145
Mumbai,ALL,2020-12-01,110.61,62.60806158
NCR,ALL,2017-01-01,100.0,100.0
NCR,ALL,2017-02-01,99.25,105.2431999
NCR,ALL,2017-03-01,97.43,132.6497435
NCR,ALL,2017-04-01,97.89,121.2091981
NCR,ALL,2017-05-01,98.32,110.653886
NCR,ALL,2017-06-01,97.86,118.8554413
NCR,ALL,2017-07-01,97.57,253.460612
NCR,ALL,2017-08-01,97.72,136.8509245
NCR,ALL,2017-09-01,96.91,140.0913266
NCR,ALL,2017-10-01,97.27,186.1153738
NCR,ALL,2017-11-01,96.19,150.6955577
NCR,ALL,2017-12-01,96.51,143.4914803
NCR,ALL,2018-01-01,94.6,335.0498151
NCR,ALL,2018-02-01,93.61,177.7399958
NCR,ALL,2018-03-01,94.26,193.4772992
NCR,ALL,2018-04-01,93.82,221.4606865
NCR,ALL,2018-05-01,93.88,174.2248328
NCR,ALL,2018-06-01,94.11,178.7862903
NCR,ALL,2018-07-01,94.68,284.4018205
NCR,ALL,2018-08-01,94.23,193.1741824
NCR,ALL,2018-09-01,93.9,188.799582
NCR,ALL,2018-10-01,95.96,161.7315059
NCR,ALL,2018-11-01,94.6,172.1421222
NCR,ALL,2018-12-01,93.44,173.0732955
NCR,ALL,2019-01-01,92.99,169.2890084
NCR,ALL,2019-02-01,92.04,165.7263441
NCR,ALL,2019-03-01,90.76,182.424571
NCR,ALL,2019-04-01,90.65,166.7039277
NCR,ALL,2019-05-01,89.37,178.1946867
NCR,ALL,2019-06-01,88.67,192.6171392
NCR,ALL,2019-07-01,87.95,234.0439231
NCR,ALL,2019-08-01,88.75,222.4368446
NCR,ALL,2019-09-01,89.5,158.2208208
NCR,ALL,2019-10-01,89.8,155.7713365
NCR,ALL,2019-11-01,89.96,164.2821962
NCR,ALL,2019-12-01,90.07,131.4301245
NCR,ALL,2020-01-01,90.21,136.3703036
NCR,ALL,2020-02-01,91.05,139.1421033
NCR,ALL,2020-03-01,91.74,99.36442155
NCR,ALL,2020-04-01,94.62,20.24182252
NCR,ALL,2020-05-01,94.87,29.31416242
NCR,ALL,2020-06-01,94.71,36.21504379
NCR,ALL,2020-07-01,92.69,64.5028861
NCR,ALL,2020-08-01,93.1,91.48320972
NCR,ALL,2020-09-01,93.0,71.27346176
NCR,ALL,2020-10-01,94.8,75.75725201
NCR,ALL,2020-11-01,96.27,97.72261371
NCR,ALL,2020-12-01,96.97,55.24095144
Pune,ALL,2017-01-01,100.0,100.0
Pune,ALL,2017-02-01,100.09,92.85148273
Pune,ALL,2017-03-01,100.07,98.26687335
Pune,ALL,2017-04-01,100.95,99.67426531
Pune,ALL,2017-05-01,101.09,87.73968731
Pune,ALL,2017-06-01,101.19,91.93325467
Pune,ALL,2017-07-01,101.65,96.27398477
Pune,ALL,2017-08-01,101.69,96.7441136
Pune,ALL,2017-09-01,101.95,95.62972021
Pune,ALL,2017-10-01,102.22,88.25534729
Pune,ALL,2017-11-01,103.04,87.76677714
Pune,ALL,2017-12-01,102.72,97.97126229
Pune,ALL,2018-01-01,103.09,213.0261209
Pune,ALL,2018-02-01,102.99,114.9155114
Pune,ALL,2018-03-01,103.03,123.3433701
Pune,ALL,2018-04-01,104.02,140.1161198
Pune,ALL,2018-05-01,104.69,110.2706669
Pune,ALL,2018-06-01,104.89,109.2134859
Pune,ALL,2018-07-01,104.8,125.4132236
Pune,ALL,2018-08-01,104.53,121.7313272
Pune,ALL,2018-09-01,105.46,130.4622627
Pune,ALL,2018-10-01,105.89,151.5425006
Pune,ALL,2018-11-01,105.86,131.3314161
Pune,ALL,2018-12-01,106.83,134.0253287
Pune,ALL,2019-01-01,107.35,146.8028664
Pune,ALL,2019-02-01,107.82,130.640223
Pune,ALL,2019-03-01,107.81,126.6508434
Pune,ALL,2019-04-01,109.08,158.0258934
Pune,ALL,2019-05-01,109.0,132.2696465
Pune,ALL,2019-06-01,109.72,122.7511974
Pune,ALL,2019-07-01,109.54,136.912394
Pune,ALL,2019-08-01,110.05,120.3817969
Pune,ALL,2019-09-01,109.91,119.9157769
Pune,ALL,2019-10-01,109.86,122.0710909
Pune,ALL,2019-11-01,109.65,108.9308971
Pune,ALL,2019-12-01,110.37,109.9505422
Pune,ALL,2020-01-01,109.92,160.8142203
Pune,ALL,2020-02-01,110.36,129.1817294
Pune,ALL,2020-03-01,110.58,122.3399248
Pune,ALL,2020-04-01,110.97,25.72330132
Pune,ALL,2020-05-01,111.63,39.51881041
Pune,ALL,2020-06-01,111.72,43.24809402
Pune,ALL,2020-07-01,112.62,62.32485016
Pune,ALL,2020-08-01,112.95,59.52316976
Pune,ALL,2020-09-01,112.6,55.77234297
Pune,ALL,2020-10-01,111.73,85.1419807
Pune,ALL,2020-11-01,112.15,96.91440461
Pune,ALL,2020-12-01,112.5,76.73930492
